country,year,sex,list,agf,cause,m0,m1,m5,m10,m15,m20,m25,m30,m35,m40,m45,m50,m55,m60,m65,m70,m75,m80,m85p,m85,m90p,m90,m95p,m95,m100p
FRATNP,2000,1,short,3,0,5229,271,144,189,672,1047,1118,1282,1825,3039,4705,6660,9408,13847,21505,32860,51734,86251,182061,149195,267788,246672,386613,.,.
FRATNP,2000,1,short,3,1,207,19,1,4,4,6,27,65,137,141,114,128,171,243,376,594,982,1770,3731,3136,5284,4956,7130,.,.
FRATNP,2000,1,short,3,2,52,46,37,28,62,71,101,151,307,855,1865,3141,4752,7062,10349,14123,18628,25354,37156,34072,45200,43708,53594,.,.
FRATNP,2000,1,short,3,3,44,15,4,4,3,5,4,5,5,8,15,18,21,29,63,103,190,322,982,744,1601,1416,2644,.,.
FRATNP,2000,1,short,3,4,122,9,5,5,4,8,13,11,27,47,83,137,215,333,645,1014,1692,2924,7423,5700,11917,10675,18906,.,.
FRATNP,2000,1,short,3,5,0,2,0,0,3,16,25,52,93,166,243,221,268,279,361,503,1020,2301,7017,5450,11107,10049,17064,.,.
FRATNP,2000,1,short,3,6,171,22,10,14,33,30,31,47,60,84,115,143,182,288,550,1092,2149,3820,6827,6358,8051,7802,9453,.,.
FRATNP,2000,1,short,3,7,116,6,4,5,15,24,34,57,149,353,578,919,1341,2169,3762,6604,11629,21540,49887,39518,76935,70192,114878,.,.
FRATNP,2000,1,short,3,8,36,2,2,3,4,12,15,17,39,74,134,179,300,522,1000,1991,3966,7299,16465,13784,23460,22276,30121,.,.
FRATNP,2000,1,short,3,9,0,1,0,0,2,4,4,10,18,42,72,110,196,330,544,992,1765,2850,6177,5164,8820,8238,12097,.,.
FRATNP,2000,1,short,3,10,30,4,0,2,3,2,4,7,6,21,38,55,95,148,284,603,1315,3262,11344,7564,21203,18423,36851,.,.
FRATNP,2000,1,short,3,11,33,4,2,3,6,10,8,12,19,31,61,125,206,396,868,1605,2609,4973,10624,8641,15795,14188,24834,.,.
FRATNP,2000,1,short,3,12,69,4,1,2,2,5,16,37,102,244,405,558,704,953,1242,1490,2053,3116,6655,5458,9778,9096,13619,.,.
FRATNP,2000,1,short,3,13,6,2,1,1,2,2,1,3,7,6,9,18,33,49,97,197,404,834,2275,1773,3585,3268,5367,.,.
FRATNP,2000,1,short,3,14,25,0,0,1,0,2,4,4,5,8,18,27,53,105,190,370,761,1746,4828,3681,7822,6863,13218,.,.
FRATNP,2000,1,short,3,15,4118,28,11,13,12,12,15,12,12,15,18,19,24,22,22,34,33,71,85,74,117,109,160,.,.
FRATNP,2000,1,short,3,16,199,105,65,103,517,838,817,791,842,945,938,859,847,919,1153,1544,2539,4068,10583,8079,17113,15414,26677,.,.
FRATNP,2001,1,short,3,0,5060,289,139,185,719,1044,1109,1267,1856,2948,4790,6658,9262,13584,20628,31855,50467,83344,185689,151063,263257,241830,382043,.,.
FRATNP,2001,1,short,3,1,92,14,5,3,8,8,15,54,134,138,118,133,165,223,317,539,979,1572,3530,2850,5053,4627,7418,.,.
FRATNP,2001,1,short,3,2,43,49,35,38,53,76,92,154,295,793,1860,3098,4748,6915,10099,14054,18621,25285,37859,34761,44799,43831,50164,.,.
FRATNP,2001,1,short,3,3,27,7,2,3,3,4,1,2,10,9,13,18,23,43,60,89,195,360,987,658,1725,1429,3365,.,.
FRATNP,2001,1,short,3,4,103,16,6,8,7,11,15,13,30,56,96,150,207,340,623,1029,1749,3014,7345,5598,11257,9922,18659,.,.
FRATNP,2001,1,short,3,5,0,0,1,0,4,18,24,52,101,150,234,268,286,297,326,512,959,2342,7615,5531,12285,11246,18047,.,.
FRATNP,2001,1,short,3,6,187,30,8,16,34,41,33,40,63,94,116,150,204,326,539,985,2146,4236,7676,7156,8841,8808,9023,.,.
FRATNP,2001,1,short,3,7,76,4,4,8,14,15,41,65,155,338,621,855,1261,2065,3496,6250,11184,20317,51588,40582,76242,68918,116846,.,.
FRATNP,2001,1,short,3,8,22,2,1,2,4,12,14,20,41,80,136,188,289,485,988,1863,3786,7006,16592,13839,22761,21391,30358,.,.
FRATNP,2001,1,short,3,9,8,0,0,1,2,6,3,15,15,33,80,119,177,287,557,921,1607,2621,6550,5434,9050,8572,11700,.,.
FRATNP,2001,1,short,3,10,41,2,1,2,0,2,3,8,13,24,39,53,73,147,240,523,1050,2411,10141,6706,17836,14942,33876,.,.
FRATNP,2001,1,short,3,11,14,7,2,3,5,8,11,14,18,34,66,110,199,399,753,1481,2685,4527,10586,8632,14964,13566,22711,.,.
FRATNP,2001,1,short,3,12,62,2,2,3,4,4,11,36,98,260,423,596,693,949,1230,1548,2069,3128,7031,5763,9872,9005,14682,.,.
FRATNP,2001,1,short,3,13,0,1,0,2,2,1,2,3,3,5,11,19,36,42,84,227,413,890,2628,1960,4125,3683,6576,.,.
FRATNP,2001,1,short,3,14,8,0,0,0,1,1,3,2,5,7,14,24,46,93,173,360,749,1660,5015,3624,8132,7143,13612,.,.
FRATNP,2001,1,short,3,15,4202,32,11,11,14,9,8,15,10,10,17,19,25,26,31,25,35,35,68,44,123,118,153,.,.
FRATNP,2001,1,short,3,16,174,121,61,87,565,829,831,775,865,916,946,857,829,946,1113,1450,2241,3939,10476,7926,16190,14628,24853,.,.
FRATNP,2002,1,short,3,0,4599,266,140,155,618,1028,1099,1230,1766,2840,4649,6727,9309,13207,20104,31191,49587,81682,190063,151726,264283,243163,379598,.,.
FRATNP,2002,1,short,3,1,97,12,5,2,6,8,21,44,123,152,129,126,160,205,328,540,964,1608,3920,3223,5270,4688,8447,.,.
FRATNP,2002,1,short,3,2,25,38,43,37,55,75,108,128,279,730,1823,3175,4709,6732,10122,13862,18313,24646,38081,34205,45584,44756,50107,.,.
FRATNP,2002,1,short,3,3,25,10,5,4,3,4,4,5,7,11,11,14,23,46,63,92,159,347,1074,705,1788,1630,2649,.,.
FRATNP,2002,1,short,3,4,75,23,6,6,8,11,12,21,32,42,85,127,217,331,619,1009,1738,2905,7589,5612,11417,10349,17251,.,.
FRATNP,2002,1,short,3,5,0,0,1,1,4,16,28,41,82,162,249,278,247,281,347,512,964,2200,7734,5817,11446,10500,16607,.,.
FRATNP,2002,1,short,3,6,182,22,13,17,25,36,33,48,57,92,123,158,199,319,476,1025,2187,4033,8332,7673,9609,9376,10880,.,.
FRATNP,2002,1,short,3,7,83,8,3,5,16,19,41,65,153,323,564,879,1299,2000,3345,5874,10805,19972,52565,40641,75649,68069,117036,.,.
FRATNP,2002,1,short,3,8,19,1,2,2,2,8,10,22,44,70,121,205,298,456,880,1931,3576,6671,16156,13199,21882,20685,28418,.,.
FRATNP,2002,1,short,3,9,3,1,1,1,2,7,4,11,15,31,68,95,193,301,477,907,1549,2675,6257,4907,8870,8226,12384,.,.
FRATNP,2002,1,short,3,10,33,3,1,0,3,3,5,7,12,23,34,64,85,115,226,503,1170,2634,11391,7436,19048,16401,33500,.,.
FRATNP,2002,1,short,3,11,33,5,2,3,6,7,11,13,21,35,57,114,202,367,698,1410,2726,4393,10765,8905,14365,12787,22978,.,.
FRATNP,2002,1,short,3,12,69,4,1,0,3,3,13,26,109,234,434,562,719,981,1124,1462,1925,3059,7014,5515,9915,9148,14102,.,.
FRATNP,2002,1,short,3,13,0,1,0,1,1,1,1,2,5,7,10,17,27,47,103,182,370,921,2534,1975,3618,3323,5225,.,.
FRATNP,2002,1,short,3,14,3,0,0,1,0,1,3,1,5,11,20,29,50,92,203,395,815,1584,5513,3745,8936,8239,12742,.,.
FRATNP,2002,1,short,3,15,3803,31,7,8,11,15,6,16,13,9,17,16,25,23,14,25,27,37,65,54,86,76,143,.,.
FRATNP,2002,1,short,3,16,149,107,52,69,474,813,798,779,809,907,905,867,856,913,1078,1463,2299,3998,11073,8114,16802,14910,27129,.,.
FRATNP,2003,1,short,3,0,4611,265,120,174,565,965,964,1210,1738,2709,4602,6748,9344,13131,19592,30604,50000,84249,198126,153796,272932,248823,403742,.,.
FRATNP,2003,1,short,3,1,104,22,4,6,7,14,12,44,105,142,131,123,156,202,339,535,990,1741,4070,3058,5777,5200,8911,.,.
FRATNP,2003,1,short,3,2,37,43,24,34,50,75,100,140,278,673,1758,3121,4732,6695,9505,13458,18540,24786,38469,34104,45834,44046,55536,.,.
FRATNP,2003,1,short,3,3,20,7,4,2,2,2,2,6,7,10,11,17,16,40,39,92,175,330,1058,657,1733,1645,2210,.,.
FRATNP,2003,1,short,3,4,107,13,7,9,9,8,9,13,28,53,105,155,235,359,588,1050,1854,3441,9123,6450,13633,11804,23555,.,.
FRATNP,2003,1,short,3,5,0,1,0,0,3,20,24,50,88,155,240,266,296,286,358,508,1027,2330,8335,6092,12120,10891,18788,.,.
FRATNP,2003,1,short,3,6,132,18,15,11,23,34,43,45,67,90,132,167,207,316,573,1052,2331,4722,9358,8363,11038,10831,12157,.,.
FRATNP,2003,1,short,3,7,118,10,2,8,14,17,30,72,133,321,544,885,1307,1942,3190,5828,10452,19825,53999,40942,76033,68315,117911,.,.
FRATNP,2003,1,short,3,8,20,4,1,3,4,13,11,22,33,75,119,196,272,475,894,1791,3541,6991,16066,13129,21022,19970,26732,.,.
FRATNP,2003,1,short,3,9,8,1,1,1,2,1,8,10,18,26,62,89,179,285,504,847,1483,2592,5909,4683,7978,7589,10085,.,.
FRATNP,2003,1,short,3,10,23,6,2,1,2,5,4,8,12,22,33,47,83,146,261,498,1150,2889,12059,7665,19475,16355,36402,.,.
FRATNP,2003,1,short,3,11,17,2,2,3,4,4,6,14,16,33,60,127,201,395,722,1427,2811,4635,12254,9114,17551,15719,27492,.,.
FRATNP,2003,1,short,3,12,23,7,3,1,3,3,13,31,95,216,416,612,755,927,1208,1473,2007,3058,7372,5523,10493,9487,15956,.,.
FRATNP,2003,1,short,3,13,0,1,1,1,0,3,2,3,2,7,9,11,28,51,98,159,403,851,2383,1655,3610,3206,5802,.,.
FRATNP,2003,1,short,3,14,11,0,0,0,2,1,4,2,7,9,19,25,54,103,193,359,787,1814,5700,3879,8772,8034,12779,.,.
FRATNP,2003,1,short,3,15,3828,24,11,10,16,15,16,18,15,10,17,18,24,21,20,27,22,28,64,59,72,60,138,.,.
FRATNP,2003,1,short,3,16,163,108,44,86,425,751,679,731,833,867,946,891,800,890,1100,1498,2425,4217,11908,8422,17790,15671,29288,.,.
FRATNP,2004,1,short,3,0,4446,249,102,140,534,901,899,1103,1599,2573,4275,6396,8722,12343,18053,28466,46281,78651,179636,137463,243665,222222,358115,.,.
FRATNP,2004,1,short,3,1,98,18,3,1,5,4,13,35,88,151,123,120,134,173,278,491,848,1564,3468,2414,5067,4365,8817,.,.
FRATNP,2004,1,short,3,2,31,40,34,30,48,66,94,141,250,666,1661,3048,4552,6578,9106,12970,17939,24429,37687,33577,43926,42364,52264,.,.
FRATNP,2004,1,short,3,3,31,9,3,3,3,3,1,7,5,9,14,19,21,40,48,97,178,317,970,613,1513,1330,2492,.,.
FRATNP,2004,1,short,3,4,95,15,5,5,7,11,13,13,23,49,74,141,230,350,573,966,1615,2884,7404,5502,10292,9048,16931,.,.
FRATNP,2004,1,short,3,5,0,0,0,1,6,11,24,54,93,151,216,248,267,261,313,439,853,1955,6782,4710,9927,9093,14376,.,.
FRATNP,2004,1,short,3,6,148,23,7,13,23,36,31,43,66,82,111,139,184,296,473,920,1975,4315,8779,7458,10783,10230,13737,.,.
FRATNP,2004,1,short,3,7,81,11,4,7,11,16,23,58,150,277,501,827,1142,1769,2956,5348,9685,19119,50722,36560,72224,65382,108744,.,.
FRATNP,2004,1,short,3,8,28,3,1,2,6,11,15,16,30,52,98,173,259,418,808,1555,3139,5999,14142,11029,18869,17448,26451,.,.
FRATNP,2004,1,short,3,9,8,0,1,2,3,4,3,8,17,30,55,102,152,265,421,778,1420,2412,5424,4302,7129,6502,10478,.,.
FRATNP,2004,1,short,3,10,28,1,1,0,2,3,4,7,12,13,31,42,64,110,187,398,897,2213,9350,5997,14439,11890,28049,.,.
FRATNP,2004,1,short,3,11,17,3,1,2,6,6,9,7,17,26,62,105,193,337,611,1284,2369,4243,10414,8102,13924,12594,21020,.,.
FRATNP,2004,1,short,3,12,62,5,2,3,3,8,12,25,74,206,378,517,684,797,1052,1331,1987,2945,6711,5125,9119,8446,12715,.,.
FRATNP,2004,1,short,3,13,3,0,1,2,2,1,1,3,5,7,7,13,25,44,91,142,370,728,2324,1448,3653,3308,5495,.,.
FRATNP,2004,1,short,3,14,11,0,0,0,1,1,1,1,5,10,14,31,51,83,147,347,766,1759,5279,3645,7759,6843,12651,.,.
FRATNP,2004,1,short,3,15,3665,34,8,9,12,15,15,12,14,12,17,17,19,26,19,22,32,36,72,74,68,57,128,.,.
FRATNP,2004,1,short,3,16,140,87,34,61,398,705,641,673,750,831,914,855,743,796,971,1378,2208,3730,10109,6907,14970,13322,23768,.,.
FRATNP,2005,1,short,3,0,4115,215,112,128,531,888,894,1114,1520,2434,4276,6416,8934,12253,18034,28505,45631,80166,177389,132519,254941,231372,373111,.,.
FRATNP,2005,1,short,3,1,85,11,3,2,6,6,14,28,68,132,144,117,133,209,290,453,827,1643,3455,2694,4770,4225,7503,.,.
FRATNP,2005,1,short,3,2,33,36,38,28,55,67,93,140,251,609,1605,3032,4619,6492,9006,13120,17764,24129,37033,32821,44314,43196,49922,.,.
FRATNP,2005,1,short,3,3,25,8,2,1,2,2,4,6,4,5,13,16,26,33,52,97,156,326,877,479,1564,1382,2481,.,.
FRATNP,2005,1,short,3,4,58,11,6,7,12,11,10,17,23,45,86,146,215,346,581,925,1682,2909,6992,5022,10398,8815,18335,.,.
FRATNP,2005,1,short,3,5,0,0,1,1,4,15,32,54,90,147,237,282,272,303,309,436,823,2058,6879,4371,11214,10060,17004,.,.
FRATNP,2005,1,short,3,6,184,20,7,11,29,31,38,42,63,81,112,150,204,274,518,997,2085,4911,9646,8205,12136,11635,14644,.,.
FRATNP,2005,1,short,3,7,66,4,3,5,11,19,25,63,133,274,526,820,1208,1719,2876,5159,9415,18802,48473,33810,73816,66501,110493,.,.
FRATNP,2005,1,short,3,8,11,1,1,3,3,5,9,20,35,77,104,171,269,391,802,1490,2926,6155,14030,10861,19506,18315,25475,.,.
FRATNP,2005,1,short,3,9,6,1,0,0,2,1,5,8,16,24,58,94,154,263,405,717,1272,2374,5089,3796,7324,6600,10952,.,.
FRATNP,2005,1,short,3,10,41,4,1,1,2,3,3,10,12,16,30,52,77,135,249,470,1031,2588,10830,6280,18694,15700,33705,.,.
FRATNP,2005,1,short,3,11,19,3,1,1,6,9,9,11,15,24,53,106,189,352,651,1350,2497,4669,10350,7495,15284,13554,23962,.,.
FRATNP,2005,1,short,3,12,47,6,2,3,2,7,8,28,73,190,365,523,672,798,1055,1337,1840,3132,6549,4845,9495,8552,14220,.,.
FRATNP,2005,1,short,3,13,0,1,0,2,1,1,1,2,3,5,11,12,30,50,90,164,350,712,2009,1414,3036,2603,5204,.,.
FRATNP,2005,1,short,3,14,3,1,1,0,1,0,2,4,2,6,22,26,53,80,154,385,781,1720,5299,3533,8351,7205,14099,.,.
FRATNP,2005,1,short,3,15,3405,31,7,8,10,13,14,13,14,13,15,27,31,25,19,32,22,33,52,32,87,69,182,.,.
FRATNP,2005,1,short,3,16,132,77,40,57,386,696,628,669,719,783,895,842,782,781,977,1374,2158,4006,9826,6861,14950,12960,24931,.,.
FRATNP,2006,1,short,3,0,4295,218,98,144,495,782,860,1061,1494,2365,4049,6408,8785,12016,17417,26754,43476,75829,162469,124469,251419,226202,357450,.,.
FRATNP,2006,1,short,3,1,73,12,2,3,7,11,11,19,63,126,119,137,143,207,264,444,814,1573,3480,2728,5240,5002,6243,.,.
FRATNP,2006,1,short,3,2,42,30,37,27,45,71,94,133,264,578,1467,2971,4567,6376,8984,12613,17292,23912,34732,30749,44056,42061,52443,.,.
FRATNP,2006,1,short,3,3,45,8,2,2,4,2,2,6,3,8,13,16,27,38,47,103,146,246,853,536,1593,1311,2781,.,.
FRATNP,2006,1,short,3,4,129,12,5,5,7,10,13,16,23,45,90,135,209,330,514,889,1528,2637,6533,4851,10469,9125,16119,.,.
FRATNP,2006,1,short,3,5,0,0,0,1,4,13,31,55,89,139,201,293,255,259,283,400,785,1904,6037,4148,10459,9329,15211,.,.
FRATNP,2006,1,short,3,6,185,20,9,13,31,29,42,46,69,88,126,146,210,277,489,963,2140,4669,9106,7832,12089,11658,13905,.,.
FRATNP,2006,1,short,3,7,45,11,2,8,17,17,29,67,122,267,485,801,1171,1675,2714,4614,8615,17696,45138,32748,74138,65962,108518,.,.
FRATNP,2006,1,short,3,8,3,3,1,2,3,8,5,17,33,57,113,192,265,404,692,1385,2762,5645,12429,9771,18652,16825,26335,.,.
FRATNP,2006,1,short,3,9,6,1,1,1,2,2,4,7,19,26,55,81,145,251,418,679,1276,2253,4540,3461,7063,6516,9365,.,.
FRATNP,2006,1,short,3,10,17,4,1,1,2,2,2,6,15,16,27,52,62,109,179,373,911,2118,7860,4632,15414,13019,25483,.,.
FRATNP,2006,1,short,3,11,14,5,0,4,5,8,6,6,18,24,54,114,178,308,595,1185,2246,4261,9377,6897,15183,13070,24065,.,.
FRATNP,2006,1,short,3,12,39,7,2,3,3,8,11,21,71,184,373,546,676,819,973,1289,1799,2753,6451,5040,9754,8794,13792,.,.
FRATNP,2006,1,short,3,13,0,1,1,0,1,3,2,1,2,6,8,16,25,46,76,159,349,703,1837,1235,3244,2787,5165,.,.
FRATNP,2006,1,short,3,14,3,0,0,1,0,1,2,3,5,7,14,25,41,81,177,293,749,1731,5033,3461,8711,7610,13338,.,.
FRATNP,2006,1,short,3,15,3556,27,9,10,8,12,10,16,15,12,18,25,31,24,24,16,18,31,82,69,114,127,57,.,.
FRATNP,2006,1,short,3,16,140,79,27,65,356,585,596,643,684,781,885,857,779,811,988,1348,2046,3697,8983,6309,15240,13007,24632,.,.
FRATNP,2007,1,short,3,0,4221,221,89,120,463,812,888,993,1439,2252,3883,6232,8777,11883,17114,25723,42493,74605,158112,124306,256700,228670,356651,.,.
FRATNP,2007,1,short,3,1,80,15,2,4,4,5,12,17,43,112,126,125,154,187,293,423,841,1595,3263,2505,5472,4844,7711,.,.
FRATNP,2007,1,short,3,2,44,32,28,34,42,81,97,136,231,522,1365,2902,4509,6358,8928,12165,16870,23894,34767,31331,44787,43721,48589,.,.
FRATNP,2007,1,short,3,3,27,13,2,3,3,3,4,3,7,8,11,13,25,34,61,87,154,318,820,536,1648,1221,3169,.,.
FRATNP,2007,1,short,3,4,99,16,3,5,7,9,12,15,25,50,83,138,222,350,510,810,1463,2576,6254,4739,10671,9294,15580,.,.
FRATNP,2007,1,short,3,5,0,0,1,1,3,12,33,47,86,149,204,261,288,285,309,416,832,1932,5861,4192,10727,9337,15686,.,.
FRATNP,2007,1,short,3,6,145,22,7,5,24,33,37,37,56,74,108,146,208,279,501,900,2150,4560,9366,8007,13327,12903,14841,.,.
FRATNP,2007,1,short,3,7,55,6,2,4,9,27,28,58,129,249,484,789,1148,1661,2607,4509,8423,16936,43868,32512,76982,67097,112229,.,.
FRATNP,2007,1,short,3,8,16,0,2,2,4,7,15,14,25,65,107,162,253,390,676,1335,2603,5349,11955,9595,18838,17382,24030,.,.
FRATNP,2007,1,short,3,9,3,1,0,0,1,3,5,6,13,19,45,81,144,231,380,607,1117,2093,4555,3668,7143,6332,10035,.,.
FRATNP,2007,1,short,3,10,38,8,0,2,2,3,4,8,14,21,35,51,79,119,194,370,888,2295,7875,4926,16475,13141,28361,.,.
FRATNP,2007,1,short,3,11,11,4,2,2,3,7,10,5,15,24,57,109,190,312,605,1133,2255,4257,8863,6734,15071,12706,23502,.,.
FRATNP,2007,1,short,3,12,55,3,2,1,3,5,14,30,76,169,349,535,671,781,882,1254,1848,2882,5638,4515,8910,8003,12147,.,.
FRATNP,2007,1,short,3,13,0,1,1,1,2,1,2,2,6,4,10,14,23,34,76,120,277,606,1742,1298,3036,2569,4700,.,.
FRATNP,2007,1,short,3,14,3,1,1,0,0,1,2,2,3,6,14,27,45,88,159,310,724,1712,4521,3253,8217,6922,12834,.,.
FRATNP,2007,1,short,3,15,3546,30,4,7,13,12,18,13,19,9,18,17,29,29,21,24,32,24,55,55,56,42,106,.,.
FRATNP,2007,1,short,3,16,99,70,36,51,345,604,594,601,690,770,867,862,789,747,910,1261,2017,3576,8711,6437,15341,13155,23132,.,.
FRATNP,2008,1,short,3,0,4037,215,88,117,438,807,892,960,1385,2219,3720,6075,8674,11835,16474,25317,41767,73855,156291,125692,258876,226802,358041,.,.
FRATNP,2008,1,short,3,1,78,15,1,3,4,8,8,23,48,97,138,133,135,201,257,449,858,1588,3342,2679,5564,5009,7280,.,.
FRATNP,2008,1,short,3,2,25,39,25,30,52,71,93,113,234,528,1287,2734,4393,6314,8513,11943,16694,23575,33955,31207,43169,41104,49554,.,.
FRATNP,2008,1,short,3,3,20,9,1,3,4,4,2,4,3,7,10,19,22,26,51,90,136,321,766,531,1557,1260,2475,.,.
FRATNP,2008,1,short,3,4,84,12,5,4,4,10,11,15,24,42,81,134,238,309,497,869,1549,2755,6349,4844,11395,9508,17230,.,.
FRATNP,2008,1,short,3,5,0,0,1,1,2,14,36,51,77,148,213,279,309,298,300,399,778,1988,5833,4271,11071,9598,15628,.,.
FRATNP,2008,1,short,3,6,195,23,7,11,23,28,32,43,48,72,105,153,194,286,466,990,2050,4743,10064,8758,14440,13616,16987,.,.
FRATNP,2008,1,short,3,7,70,10,3,3,11,26,33,61,142,255,460,730,1113,1616,2447,4204,8173,16358,43035,32625,77934,66658,112795,.,.
FRATNP,2008,1,short,3,8,14,3,0,1,5,9,11,20,31,62,107,161,240,359,641,1304,2527,5276,10943,8824,18048,16241,23636,.,.
FRATNP,2008,1,short,3,9,3,0,0,0,2,1,5,7,13,26,43,95,157,241,373,603,1068,1842,4503,3708,7169,6583,8979,.,.
FRATNP,2008,1,short,3,10,22,4,1,2,0,5,5,10,13,23,28,53,72,114,208,358,878,2167,7373,4861,15795,12552,25820,.,.
FRATNP,2008,1,short,3,11,3,1,1,3,4,6,9,14,15,27,47,110,196,306,593,1101,2159,4273,8913,7025,15240,13137,21744,.,.
FRATNP,2008,1,short,3,12,6,5,1,1,4,9,12,24,62,162,342,529,685,823,938,1207,1801,2902,5831,4743,9481,8293,13153,.,.
FRATNP,2008,1,short,3,13,3,0,0,0,1,1,2,3,4,4,7,13,33,49,69,150,296,657,1905,1487,3305,2474,5873,.,.
FRATNP,2008,1,short,3,14,3,1,0,0,0,1,1,2,2,11,14,36,51,81,162,354,714,1729,4785,3521,9023,7828,12716,.,.
FRATNP,2008,1,short,3,15,3415,25,7,5,9,11,12,15,10,11,15,20,23,32,17,21,13,32,41,39,46,30,97,.,.
FRATNP,2008,1,short,3,16,98,68,36,50,314,603,620,556,659,745,823,874,814,780,941,1275,2072,3651,8654,6570,15640,12912,24073,.,.
FRATNP,2009,1,short,3,0,4172,206,97,123,459,769,864,982,1453,2254,3561,5974,8885,11632,16242,24443,40588,71052,154688,127516,254326,218218,356348,.,.
FRATNP,2009,1,short,3,1,52,15,4,3,6,5,14,16,36,79,123,126,155,192,260,419,824,1572,3477,2886,5644,4672,8392,.,.
FRATNP,2009,1,short,3,2,34,31,28,30,43,62,83,129,254,526,1239,2741,4513,6180,8488,11716,16648,22949,33836,31251,43316,41167,49387,.,.
FRATNP,2009,1,short,3,3,26,8,4,2,4,4,4,2,8,9,10,21,21,36,43,87,130,280,786,537,1702,1249,2981,.,.
FRATNP,2009,1,short,3,4,109,12,4,4,5,11,12,12,24,36,73,131,200,319,491,776,1460,2620,6224,4750,11631,8866,19443,.,.
FRATNP,2009,1,short,3,5,0,1,0,0,4,13,32,50,95,151,193,282,282,268,301,426,807,1838,5671,4349,10519,8480,16279,.,.
FRATNP,2009,1,short,3,6,169,20,8,12,21,40,31,34,54,88,109,134,229,286,445,935,1991,4644,10158,9003,14394,13630,16554,.,.
FRATNP,2009,1,short,3,7,43,13,3,4,10,19,31,82,118,258,444,715,1159,1578,2419,3943,7613,15554,41260,32596,73029,60363,108817,.,.
FRATNP,2009,1,short,3,8,11,2,1,1,4,9,10,19,27,54,87,155,238,378,630,1204,2418,4843,10875,8927,18016,16374,22653,.,.
FRATNP,2009,1,short,3,9,3,0,0,2,1,2,6,10,12,21,38,69,141,218,363,566,965,1846,4039,3444,6218,5319,8759,.,.
FRATNP,2009,1,short,3,10,34,4,2,1,1,5,5,10,10,19,34,59,96,123,210,417,915,2157,7957,5377,17416,13599,28201,.,.
FRATNP,2009,1,short,3,11,20,3,1,1,2,6,10,12,16,29,44,100,181,312,558,1065,2077,3957,8763,7145,14695,12982,19535,.,.
FRATNP,2009,1,short,3,12,26,4,1,2,3,6,13,27,78,182,294,521,687,791,884,1179,1736,2734,5722,4744,9309,8141,12610,.,.
FRATNP,2009,1,short,3,13,0,0,1,1,1,1,2,1,3,4,4,14,31,48,67,133,326,702,1862,1487,3240,2698,4769,.,.
FRATNP,2009,1,short,3,14,0,1,1,0,0,0,1,4,5,6,13,23,44,92,160,300,716,1657,5156,4005,9374,7709,14078,.,.
FRATNP,2009,1,short,3,15,3548,24,6,9,9,11,7,11,8,13,19,19,34,28,20,26,16,30,67,57,104,93,138,.,.
FRATNP,2009,1,short,3,16,97,69,35,51,344,576,604,563,705,781,838,864,872,783,902,1252,1947,3669,8835,6958,15718,12874,23753,.,.
FRATNP,2010,1,short,3,0,3931,176,99,109,445,728,838,996,1416,2133,3469,5854,8694,11675,16167,23719,39437,69352,152027,125001,240316,206555,354453,.,.
FRATNP,2010,1,short,3,1,46,9,3,2,7,6,9,16,32,65,98,132,158,181,273,413,795,1522,3676,2936,6094,5474,8190,.,.
FRATNP,2010,1,short,3,2,38,23,35,27,56,67,88,142,240,495,1154,2619,4439,6170,8585,11485,16143,22530,33174,30637,41463,39448,48277,.,.
FRATNP,2010,1,short,3,3,14,4,4,3,5,3,2,3,8,7,11,12,20,33,53,75,140,233,804,580,1537,1184,2730,.,.
FRATNP,2010,1,short,3,4,112,6,4,8,6,3,11,13,25,40,71,131,209,325,471,764,1380,2443,6096,4741,10522,8910,15971,.,.
FRATNP,2010,1,short,3,5,0,0,0,0,3,12,46,53,81,131,205,273,299,299,311,437,803,1799,5998,4502,10883,8974,17336,.,.
FRATNP,2010,1,short,3,6,164,22,13,9,22,28,33,35,49,91,106,160,207,288,458,911,2069,4587,10225,8969,14328,13276,17882,.,.
FRATNP,2010,1,short,3,7,44,4,2,4,11,18,31,58,128,231,420,705,1079,1568,2252,3728,7340,15148,40759,31889,69736,57039,112661,.,.
FRATNP,2010,1,short,3,8,8,1,1,3,2,9,11,21,32,57,97,157,238,365,615,1093,2302,4645,10923,9066,16991,15300,22705,.,.
FRATNP,2010,1,short,3,9,3,0,0,0,2,5,5,6,9,30,40,83,150,210,357,499,876,1680,3973,3295,6189,5423,8782,.,.
FRATNP,2010,1,short,3,10,25,5,1,0,0,2,4,10,6,13,23,48,78,123,197,369,820,2012,6691,4649,13359,10056,24525,.,.
FRATNP,2010,1,short,3,11,14,4,1,1,5,8,9,9,21,26,59,98,188,334,548,1076,2041,3959,8538,7129,13141,11227,19611,.,.
FRATNP,2010,1,short,3,12,35,6,1,1,3,5,10,26,74,165,300,496,678,843,900,1161,1706,2739,5615,4623,8856,7828,12331,.,.
FRATNP,2010,1,short,3,13,0,0,1,0,1,1,1,1,2,5,10,15,18,52,63,147,299,652,1699,1251,3160,2520,5324,.,.
FRATNP,2010,1,short,3,14,5,1,0,0,0,1,3,4,4,5,10,22,59,79,179,311,677,1738,5025,3760,9158,7345,15288,.,.
FRATNP,2010,1,short,3,15,3339,27,7,5,7,9,10,12,18,10,23,21,26,35,19,19,26,26,32,24,60,64,46,.,.
FRATNP,2010,1,short,3,16,85,65,27,47,316,550,566,586,687,763,842,881,847,771,885,1230,2018,3639,8801,6952,14840,12487,22796,.,.
FRATNP,2011,1,short,3,0,3639,173,95,110,403,731,848,930,1362,2075,3332,5671,8518,11433,15500,23243,37775,65705,146998,119620,223528,196123,355641,.,.
FRATNP,2011,1,short,3,1,75,7,2,3,5,8,11,18,25,53,101,124,152,201,270,431,795,1674,3695,2993,5659,4997,8849,.,.
FRATNP,2011,1,short,3,2,33,38,34,18,40,73,94,136,234,488,1173,2510,4320,6011,8228,11338,15603,21749,32761,29984,40521,38594,49809,.,.
FRATNP,2011,1,short,3,3,11,5,2,1,3,2,6,5,7,7,9,15,19,33,58,58,117,247,781,573,1362,1215,2073,.,.
FRATNP,2011,1,short,3,4,67,14,8,4,10,10,14,18,21,45,71,125,222,335,470,736,1335,2518,5643,4520,8783,7427,15322,.,.
FRATNP,2011,1,short,3,5,0,0,0,0,1,6,14,31,72,131,171,236,309,286,276,396,804,1945,6464,4713,11358,9550,20075,.,.
FRATNP,2011,1,short,3,6,150,15,8,17,24,31,29,38,52,66,100,148,196,295,455,982,2095,4329,10495,9103,14388,13471,18811,.,.
FRATNP,2011,1,short,3,7,47,7,4,2,9,17,35,54,119,237,379,673,1059,1511,2154,3579,6736,13781,38206,29117,63612,54139,109276,.,.
FRATNP,2011,1,short,3,8,3,1,1,2,5,3,7,14,33,46,98,150,232,364,583,1091,2261,4506,10641,8746,15940,14369,23514,.,.
FRATNP,2011,1,short,3,9,3,0,0,0,1,1,4,7,8,19,36,72,134,210,312,484,804,1382,3305,2699,4999,4484,7484,.,.
FRATNP,2011,1,short,3,10,22,6,1,2,2,3,7,9,14,15,31,49,72,115,179,348,696,1792,6448,4324,12387,9639,25638,.,.
FRATNP,2011,1,short,3,11,0,1,0,2,4,10,8,14,22,28,43,111,212,360,581,1124,2155,3973,9068,7328,13930,11565,25334,.,.
FRATNP,2011,1,short,3,12,17,0,0,2,2,8,14,28,58,148,280,496,647,787,835,1075,1603,2502,5382,4379,8188,7515,11428,.,.
FRATNP,2011,1,short,3,13,0,0,1,0,1,1,1,2,3,1,10,13,28,40,65,119,290,539,1452,1158,2273,1916,3995,.,.
FRATNP,2011,1,short,3,14,3,2,0,0,0,2,2,2,1,8,11,22,26,66,113,258,569,1398,4282,3281,7082,6044,12086,.,.
FRATNP,2011,1,short,3,15,3121,20,6,8,7,9,7,10,19,11,14,20,26,35,24,18,17,30,34,40,17,10,51,.,.
FRATNP,2011,1,short,3,16,89,55,30,49,288,547,594,544,675,773,804,907,863,784,896,1205,1896,3341,8340,6663,13029,11189,21896,.,.
FRATNP,2012,1,short,3,0,3808,194,81,99,378,670,775,891,1221,1992,3251,5436,8477,11669,15654,22984,37416,65978,153523,122699,231384,206534,384778,.,.
FRATNP,2012,1,short,3,1,50,17,1,2,2,4,8,17,28,42,99,131,149,199,278,429,810,1492,3742,2936,5777,5264,8947,.,.
FRATNP,2012,1,short,3,2,31,28,29,22,40,59,86,143,220,461,1095,2392,4261,6193,8204,11321,15365,21582,33545,30656,40844,39176,51142,.,.
FRATNP,2012,1,short,3,3,11,11,3,2,2,4,3,4,2,7,5,13,17,30,39,56,115,226,738,512,1308,1118,2485,.,.
FRATNP,2012,1,short,3,4,109,18,4,5,8,11,13,17,28,47,61,123,246,330,508,701,1318,2500,6033,4486,9940,8463,19054,.,.
FRATNP,2012,1,short,3,5,0,0,0,0,2,9,25,34,62,128,180,247,294,287,295,418,844,2216,7506,5441,12723,11304,21484,.,.
FRATNP,2012,1,short,3,6,101,20,7,9,20,23,34,43,52,74,112,146,222,324,475,928,2134,4609,11044,9210,15676,14887,20545,.,.
FRATNP,2012,1,short,3,7,20,6,2,3,8,19,33,51,112,217,377,664,1045,1505,2132,3485,6735,13767,39114,29550,63273,55522,111120,.,.
FRATNP,2012,1,short,3,8,6,3,1,1,4,4,9,12,25,49,91,140,215,370,626,1018,2148,4295,10760,8599,16220,14768,25184,.,.
FRATNP,2012,1,short,3,9,3,1,0,1,1,3,1,3,9,24,37,59,114,194,299,444,755,1383,3391,2695,5150,4607,8505,.,.
FRATNP,2012,1,short,3,10,8,1,1,1,2,2,6,7,11,17,21,37,68,113,163,335,812,1995,7750,5148,14322,11185,33689,.,.
FRATNP,2012,1,short,3,11,0,4,1,1,4,2,4,4,9,25,55,96,203,369,601,1112,2173,3998,9663,7809,14346,12439,26123,.,.
FRATNP,2012,1,short,3,12,0,3,1,2,1,3,6,26,58,142,253,460,681,825,870,1129,1528,2464,5441,4449,7948,7115,13089,.,.
FRATNP,2012,1,short,3,13,0,1,1,0,1,1,1,2,4,8,10,20,38,49,91,168,280,599,1611,1194,2666,2338,4694,.,.
FRATNP,2012,1,short,3,14,3,0,0,0,0,1,3,3,4,9,16,12,42,72,115,241,553,1391,4420,3192,7521,6458,14083,.,.
FRATNP,2012,1,short,3,15,3342,23,6,6,9,9,9,9,8,14,16,22,30,39,30,23,20,20,48,37,74,60,166,.,.
FRATNP,2012,1,short,3,16,126,59,25,44,274,516,533,518,589,727,823,874,851,770,928,1176,1825,3441,8717,6785,13594,11833,24466,.,.
FRATNP,2013,1,short,3,0,3926,184,97,97,329,639,736,885,1219,1928,3174,5165,8163,11537,15598,22608,36083,64022,150238,118535,225719,206405,361667,.,.
FRATNP,2013,1,short,3,1,48,12,2,2,4,6,8,12,21,43,95,116,126,189,223,383,688,1384,3513,2815,5174,4936,6853,.,.
FRATNP,2013,1,short,3,2,21,36,30,23,33,56,89,131,227,456,1046,2251,4178,6117,8334,11079,14926,21440,33073,30171,39982,38757,48599,.,.
FRATNP,2013,1,short,3,3,15,8,2,0,1,3,4,2,2,3,8,13,16,22,42,57,137,234,731,503,1272,1145,2170,.,.
FRATNP,2013,1,short,3,4,86,10,5,6,4,9,13,12,29,34,80,127,200,323,457,753,1258,2423,6053,4562,9601,8564,16904,.,.
FRATNP,2013,1,short,3,5,0,0,1,0,1,9,22,33,62,107,187,244,272,310,294,441,876,2174,7608,5471,12695,11480,21244,.,.
FRATNP,2013,1,short,3,6,131,19,11,9,18,26,28,40,47,78,93,153,202,303,464,942,2110,4379,10678,9242,14097,13917,15362,.,.
FRATNP,2013,1,short,3,7,27,5,3,2,11,13,33,51,112,217,375,624,1015,1467,2138,3431,6358,13059,38194,28032,62390,55846,108449,.,.
FRATNP,2013,1,short,3,8,3,3,1,3,3,3,9,16,25,43,87,144,226,354,604,1028,2078,4187,10107,8001,15119,14265,21130,.,.
FRATNP,2013,1,short,3,9,3,0,0,1,1,0,5,6,10,25,22,60,123,179,273,407,640,1326,3355,2661,5005,4564,8109,.,.
FRATNP,2013,1,short,3,10,30,2,1,2,1,4,5,5,11,12,26,45,74,126,185,339,801,1939,7427,4649,14042,11550,31581,.,.
FRATNP,2013,1,short,3,11,6,2,2,3,2,4,8,8,11,32,42,94,201,385,589,1051,2029,3812,9309,7199,14332,12733,25585,.,.
FRATNP,2013,1,short,3,12,12,4,2,3,6,6,16,26,50,126,251,420,612,795,896,1123,1509,2413,5420,4372,7913,7171,13135,.,.
FRATNP,2013,1,short,3,13,0,2,1,1,0,1,3,4,1,6,15,19,32,46,77,158,310,659,1600,1222,2499,2189,4683,.,.
FRATNP,2013,1,short,3,14,0,1,0,0,0,0,1,2,4,5,9,15,39,66,139,253,568,1407,4427,3103,7579,6846,12735,.,.
FRATNP,2013,1,short,3,15,3417,29,7,9,8,13,14,8,10,17,22,28,38,34,26,22,26,28,64,59,76,62,171,.,.
FRATNP,2013,1,short,3,16,128,53,30,34,237,488,479,530,597,724,815,813,810,822,856,1140,1769,3158,8682,6472,13942,12378,24956,.,.
FRATNP,2014,1,short,3,0,3802,171,90,94,312,587,737,896,1182,1760,3033,4862,7786,11324,15050,21606,34193,61115,143055,113251,210803,194879,328717,.,.
FRATNP,2014,1,short,3,1,23,11,3,1,5,6,11,10,26,41,67,108,120,159,223,316,632,1305,3416,2698,5048,4828,6678,.,.
FRATNP,2014,1,short,3,2,29,30,33,27,37,69,93,139,237,434,1026,2168,4020,6146,8084,10835,14607,21148,32674,29665,39514,38404,47734,.,.
FRATNP,2014,1,short,3,3,20,5,1,1,1,2,4,3,3,3,7,8,14,28,32,43,110,229,700,508,1138,1033,1916,.,.
FRATNP,2014,1,short,3,4,97,14,8,7,6,6,14,13,16,41,71,93,196,308,451,751,1151,2305,5609,4295,8595,7716,15108,.,.
FRATNP,2014,1,short,3,5,0,2,1,1,0,6,18,33,63,100,161,208,273,282,287,393,835,2082,7271,5299,11752,10759,19104,.,.
FRATNP,2014,1,short,3,6,181,20,12,12,18,24,36,40,45,74,101,126,196,308,446,853,1911,4086,10044,8398,13787,13541,15601,.,.
FRATNP,2014,1,short,3,7,37,5,4,2,12,24,29,64,104,182,378,576,954,1438,2080,3203,5787,12160,36387,26657,58504,52662,101763,.,.
FRATNP,2014,1,short,3,8,11,2,2,1,1,3,11,20,26,49,86,134,217,322,548,918,1825,3777,9483,7508,13970,13366,18448,.,.
FRATNP,2014,1,short,3,9,0,0,0,0,0,2,7,6,9,19,25,54,122,174,265,409,637,1254,3095,2404,4664,4385,6733,.,.
FRATNP,2014,1,short,3,10,20,2,0,0,2,1,1,2,8,14,28,34,62,110,166,273,645,1644,6440,4234,11456,9381,26823,.,.
FRATNP,2014,1,short,3,11,6,3,3,1,3,4,4,7,13,25,43,93,184,353,568,1084,1894,3640,8443,6694,12421,11363,20254,.,.
FRATNP,2014,1,short,3,12,6,2,1,1,1,5,10,23,60,108,244,424,557,778,872,1073,1557,2442,5233,4127,7747,7182,11933,.,.
FRATNP,2014,1,short,3,13,0,1,0,0,0,1,0,2,3,3,12,20,29,45,74,131,275,595,1561,1186,2414,2192,4051,.,.
FRATNP,2014,1,short,3,14,3,0,0,0,0,1,1,2,5,8,10,22,42,69,114,242,528,1306,4265,3181,6730,6079,11550,.,.
FRATNP,2014,1,short,3,15,3272,15,7,4,4,5,9,12,15,14,12,22,36,37,26,19,17,33,45,40,56,56,55,.,.
FRATNP,2014,1,short,3,16,97,59,15,38,221,427,489,518,546,645,762,771,764,768,814,1064,1783,3109,8389,6357,13007,11932,20966,.,.
FRATNP,2015,1,short,3,0,3977,186,91,108,354,589,722,902,1195,1868,3064,4778,7907,11444,15293,22070,35060,62847,151086,116796,226599,208210,339303,.,.
FRATNP,2015,1,short,3,1,72,9,0,1,3,5,5,12,20,34,75,101,122,167,214,344,647,1362,3622,2792,5452,5109,7552,.,.
FRATNP,2015,1,short,3,2,31,32,34,26,39,61,93,158,253,446,1016,2027,3979,5980,8061,10897,14618,20906,32828,29519,40114,39039,46699,.,.
FRATNP,2015,1,short,3,3,23,5,3,2,3,4,4,6,3,2,8,11,17,24,38,60,106,232,682,471,1146,1022,1910,.,.
FRATNP,2015,1,short,3,4,63,13,7,5,5,7,11,18,20,45,72,115,221,298,485,733,1240,2478,6250,4783,9481,8337,16492,.,.
FRATNP,2015,1,short,3,5,0,2,0,0,1,7,18,39,72,105,148,219,280,306,316,389,977,2379,8349,5731,14113,12932,21353,.,.
FRATNP,2015,1,short,3,6,112,19,9,13,20,31,28,37,48,66,110,142,222,315,499,926,2052,4347,10745,8802,15023,14549,17924,.,.
FRATNP,2015,1,short,3,7,37,8,3,6,8,20,20,59,93,222,370,631,956,1497,2073,3297,5881,12561,37382,26826,60627,54671,97130,.,.
FRATNP,2015,1,short,3,8,26,2,2,1,4,5,11,14,25,49,83,135,233,341,483,935,1847,3807,9514,7437,14086,13162,19747,.,.
FRATNP,2015,1,short,3,9,0,0,0,1,0,2,1,4,8,24,35,49,114,180,272,423,603,1237,3087,2424,4548,4270,6250,.,.
FRATNP,2015,1,short,3,10,17,5,1,2,2,2,2,5,6,12,21,34,72,119,202,363,800,2034,7828,4970,14123,11910,27689,.,.
FRATNP,2015,1,short,3,11,3,5,2,2,5,3,8,9,19,22,42,97,198,378,636,1123,2036,3841,9570,7217,14750,13135,24651,.,.
FRATNP,2015,1,short,3,12,43,2,2,2,3,4,15,19,51,126,240,368,591,823,900,994,1506,2268,5607,4503,8036,7315,12456,.,.
FRATNP,2015,1,short,3,13,0,1,1,0,1,1,2,2,4,9,15,21,34,56,85,147,287,561,1629,1240,2484,2274,3776,.,.
FRATNP,2015,1,short,3,14,9,0,0,0,1,1,1,6,5,6,10,23,33,80,121,261,559,1427,4676,3237,7843,7119,12282,.,.
FRATNP,2015,1,short,3,15,3453,21,7,7,11,9,12,9,14,15,20,25,34,41,29,29,27,44,63,52,88,74,174,.,.
FRATNP,2015,1,short,3,16,89,64,22,41,248,427,491,505,553,684,799,780,801,840,879,1149,1874,3363,9255,6790,14683,13291,23219,.,.
FRATNP,2000,2,short,3,0,3934,228,110,128,291,341,342,565,873,1359,2103,2787,3880,5523,8590,14432,26233,49910,141686,101765,211087,183112,314083,.,.
FRATNP,2000,2,short,3,1,128,13,4,4,5,4,10,33,41,30,43,40,69,110,167,330,592,1094,2949,2143,4351,3738,6607,.,.
FRATNP,2000,2,short,3,2,36,46,28,26,37,44,76,152,344,639,1073,1525,2248,2971,4178,5853,8023,11342,18108,16135,21539,20551,25179,.,.
FRATNP,2000,2,short,3,3,30,7,4,3,1,3,3,3,3,7,10,13,17,20,42,67,124,242,839,569,1308,1121,1997,.,.
FRATNP,2000,2,short,3,4,95,14,7,8,7,11,7,9,13,17,35,59,98,180,372,673,1279,2503,7237,4915,11272,9493,17823,.,.
FRATNP,2000,2,short,3,5,3,0,0,1,2,4,6,14,30,51,52,74,72,84,138,254,738,2016,8580,5380,14142,11958,22184,.,.
FRATNP,2000,2,short,3,6,181,21,12,7,12,16,11,18,32,46,69,80,105,227,368,716,1570,2853,6107,5083,7887,7552,9120,.,.
FRATNP,2000,2,short,3,7,74,9,2,7,10,12,17,28,35,76,130,211,315,580,1216,2622,5866,13056,43831,30065,67762,57681,104877,.,.
FRATNP,2000,2,short,3,8,45,2,1,3,2,4,10,26,35,49,82,92,145,228,473,1118,2586,5598,15654,11866,22241,20200,29756,.,.
FRATNP,2000,2,short,3,9,0,1,0,1,1,3,2,8,11,15,30,29,40,73,128,270,574,1302,4570,3221,6916,5920,10584,.,.
FRATNP,2000,2,short,3,10,33,5,1,1,1,4,4,5,8,13,14,21,24,61,97,242,644,1705,8525,4912,14808,11819,25812,.,.
FRATNP,2000,2,short,3,11,9,4,0,4,6,6,6,8,15,21,36,53,68,133,272,483,920,1822,4978,3524,7507,6309,11916,.,.
FRATNP,2000,2,short,3,12,33,2,0,3,3,2,8,24,42,103,161,223,276,368,461,668,1150,2051,6054,4261,9171,7937,13713,.,.
FRATNP,2000,2,short,3,13,3,2,1,0,2,2,2,3,6,4,14,16,24,43,81,180,450,931,3158,2094,5006,4313,7555,.,.
FRATNP,2000,2,short,3,14,6,0,0,0,1,2,7,14,10,13,10,14,24,42,99,187,392,830,2535,1795,3822,3400,5375,.,.
FRATNP,2000,2,short,3,15,3120,24,12,9,8,10,5,11,9,10,10,19,20,21,14,25,22,44,70,61,85,80,100,.,.
FRATNP,2000,2,short,3,16,140,78,39,53,193,213,168,207,239,265,332,320,333,382,484,743,1304,2522,8492,5742,13271,11041,21485,.,.
FRATNP,2001,2,short,3,0,4009,237,94,127,296,346,383,512,873,1368,2087,2765,3918,5518,8387,14191,25575,47860,144701,101667,209584,180605,314010,.,.
FRATNP,2001,2,short,3,1,98,15,3,4,4,5,8,28,53,40,33,34,57,92,158,326,583,1016,2906,2178,4004,3561,5602,.,.
FRATNP,2001,2,short,3,2,32,37,27,24,38,48,81,139,320,587,1044,1506,2241,3027,4214,6005,7961,11146,18373,16093,21811,20839,25311,.,.
FRATNP,2001,2,short,3,3,35,12,1,4,1,2,2,3,5,8,8,11,14,23,32,64,127,214,860,575,1291,1090,2015,.,.
FRATNP,2001,2,short,3,4,104,10,5,5,7,8,8,8,12,21,42,65,106,190,336,652,1235,2371,7751,5082,11775,9684,19312,.,.
FRATNP,2001,2,short,3,5,0,2,1,1,1,2,8,13,30,38,69,76,90,77,127,268,717,1798,9141,5530,14586,12073,23644,.,.
FRATNP,2001,2,short,3,6,161,21,6,15,20,14,25,28,50,52,61,93,136,192,311,666,1611,3053,6780,5779,8290,7763,10188,.,.
FRATNP,2001,2,short,3,7,72,5,2,6,12,12,16,23,47,86,134,195,321,622,1194,2587,5768,12279,45068,30051,67709,57699,103782,.,.
FRATNP,2001,2,short,3,8,20,0,2,3,4,5,10,15,30,56,73,104,140,242,448,1018,2483,5411,15772,11596,22070,19959,29675,.,.
FRATNP,2001,2,short,3,9,3,0,1,1,1,2,2,6,7,17,30,24,37,68,130,280,603,1232,4747,3128,7188,6065,11235,.,.
FRATNP,2001,2,short,3,10,20,5,0,1,3,1,4,5,5,9,12,12,17,33,86,175,473,1333,7375,4130,12269,9552,22058,.,.
FRATNP,2001,2,short,3,11,20,5,2,1,3,6,6,9,12,19,37,42,63,116,223,448,881,1525,4916,3501,7050,5769,11664,.,.
FRATNP,2001,2,short,3,12,58,1,1,5,4,3,7,16,48,116,176,235,271,351,447,632,1096,2036,6298,4340,9252,7948,13949,.,.
FRATNP,2001,2,short,3,13,0,1,0,1,3,3,4,3,4,5,9,12,25,43,99,182,424,872,3064,1987,4688,3968,7284,.,.
FRATNP,2001,2,short,3,14,6,1,1,0,2,4,4,8,12,13,15,16,30,47,111,159,367,916,2919,2006,4294,3549,6982,.,.
FRATNP,2001,2,short,3,15,3257,33,4,10,15,10,11,13,8,3,13,16,26,15,14,21,21,43,51,54,47,29,111,.,.
FRATNP,2001,2,short,3,16,124,90,38,47,178,222,187,198,227,297,330,322,343,381,456,709,1228,2613,8678,5638,13261,11057,21201,.,.
FRATNP,2002,2,short,3,0,3732,206,110,120,263,337,374,479,812,1395,2098,2844,3869,5364,8344,13790,25511,48143,149919,103644,210740,181652,313461,.,.
FRATNP,2002,2,short,3,1,100,12,1,2,6,5,12,19,33,44,38,42,64,103,171,312,577,1066,2916,2194,3865,3402,5501,.,.
FRATNP,2002,2,short,3,2,54,26,37,31,37,59,62,138,301,653,1081,1595,2213,2949,4114,5784,8198,11440,18664,16251,21835,20875,25225,.,.
FRATNP,2002,2,short,3,3,29,15,2,3,5,3,4,4,4,6,8,10,14,22,27,61,114,253,784,508,1147,951,1839,.,.
FRATNP,2002,2,short,3,4,77,14,6,6,10,10,9,7,15,24,35,55,103,182,354,674,1300,2452,8040,5231,11732,9555,19420,.,.
FRATNP,2002,2,short,3,5,0,2,1,1,2,3,8,12,22,43,65,69,93,94,121,252,657,1871,9703,5779,14860,12355,23706,.,.
FRATNP,2002,2,short,3,6,160,25,10,11,15,23,21,23,36,39,66,77,121,215,392,719,1604,3320,7647,6310,9404,8978,10911,.,.
FRATNP,2002,2,short,3,7,77,10,2,5,10,19,17,22,55,87,141,194,309,532,1150,2354,5489,12042,46662,30291,68179,57652,105353,.,.
FRATNP,2002,2,short,3,8,14,2,1,2,5,5,13,15,32,52,84,100,128,218,462,931,2385,4942,15640,11345,21285,19291,28325,.,.
FRATNP,2002,2,short,3,9,3,0,0,0,1,1,3,5,8,15,30,35,43,65,123,268,575,1164,4505,2945,6557,5612,9893,.,.
FRATNP,2002,2,short,3,10,23,4,1,2,3,3,4,4,4,10,7,14,31,42,85,207,570,1469,8242,4599,13032,10121,23310,.,.
FRATNP,2002,2,short,3,11,26,3,1,2,4,4,8,7,9,17,30,49,64,115,209,455,860,1680,5167,3488,7374,6218,11458,.,.
FRATNP,2002,2,short,3,12,34,7,3,1,2,4,4,13,51,105,167,244,290,304,462,657,1119,2149,6358,4428,8896,7706,13099,.,.
FRATNP,2002,2,short,3,13,6,0,2,3,2,2,3,2,2,7,11,15,23,53,74,193,420,907,3211,2183,4563,3927,6808,.,.
FRATNP,2002,2,short,3,14,3,1,0,0,1,4,9,15,13,9,12,11,25,50,103,203,392,910,3129,2169,4390,3715,6777,.,.
FRATNP,2002,2,short,3,15,2987,18,6,4,8,11,6,7,8,8,11,13,21,23,18,25,27,29,50,39,64,60,76,.,.
FRATNP,2002,2,short,3,16,140,69,36,48,151,180,194,187,216,276,311,321,325,397,480,695,1222,2449,9201,5885,13559,11236,21760,.,.
FRATNP,2003,2,short,3,0,3578,220,100,100,222,296,349,494,809,1325,2071,2925,3841,5417,8302,13963,25627,50279,160880,106783,223246,190798,336942,.,.
FRATNP,2003,2,short,3,1,86,14,2,2,5,5,7,18,37,51,38,44,64,104,172,318,673,1138,3451,2413,4648,4027,6822,.,.
FRATNP,2003,2,short,3,2,38,43,30,30,39,48,86,156,329,599,1089,1605,2183,2986,4144,5749,8001,11464,18845,16130,21976,20952,25562,.,.
FRATNP,2003,2,short,3,3,18,12,1,2,2,4,4,3,5,6,10,13,15,22,39,72,124,253,909,539,1335,1061,2294,.,.
FRATNP,2003,2,short,3,4,89,11,2,5,4,12,8,9,10,26,51,75,112,167,373,717,1420,2771,10183,6216,14757,11980,24488,.,.
FRATNP,2003,2,short,3,5,0,0,1,2,2,6,8,9,19,38,65,94,88,93,137,284,711,1914,10661,6037,15993,13092,26158,.,.
FRATNP,2003,2,short,3,6,154,18,11,13,16,20,19,22,38,47,64,93,128,187,383,771,1769,3796,9188,7414,11233,10569,13558,.,.
FRATNP,2003,2,short,3,7,56,12,6,4,7,6,18,29,47,75,139,196,315,569,1092,2357,5284,12399,48963,30291,70488,59050,110567,.,.
FRATNP,2003,2,short,3,8,24,2,4,1,1,5,13,14,21,54,70,91,139,222,431,992,2321,5133,16014,11567,21140,19144,28132,.,.
FRATNP,2003,2,short,3,9,0,0,0,1,2,1,4,6,10,19,22,29,39,69,96,262,485,1211,4562,2931,6442,5489,9784,.,.
FRATNP,2003,2,short,3,10,38,5,1,2,2,2,1,4,4,10,12,17,28,45,100,223,549,1609,8877,4608,13799,10608,24982,.,.
FRATNP,2003,2,short,3,11,15,6,0,0,3,7,3,6,12,12,28,49,74,115,219,465,931,1835,5856,3783,8246,6904,12948,.,.
FRATNP,2003,2,short,3,12,6,5,1,3,3,3,7,12,39,95,163,236,254,342,463,664,1146,2081,6531,4365,9028,7743,13529,.,.
FRATNP,2003,2,short,3,13,3,2,1,2,1,3,2,5,8,5,8,15,24,51,82,171,418,914,3338,2024,4853,4054,7650,.,.
FRATNP,2003,2,short,3,14,3,2,1,0,1,3,3,13,9,12,11,16,18,50,95,198,449,984,3346,2190,4679,4113,6663,.,.
FRATNP,2003,2,short,3,15,2935,25,8,4,11,8,15,10,10,11,14,21,26,23,15,18,19,31,37,26,50,39,87,.,.
FRATNP,2003,2,short,3,16,115,64,30,30,125,163,151,178,207,264,287,330,337,371,461,701,1325,2746,10119,6249,14581,11972,23719,.,.
FRATNP,2004,2,short,3,0,3611,169,85,99,224,284,318,465,773,1287,1957,2845,3728,5267,7606,12758,22686,45370,140267,90370,191445,163047,288824,.,.
FRATNP,2004,2,short,3,1,71,16,4,1,4,5,9,14,37,41,46,40,68,87,147,253,492,995,2714,1879,3571,3092,5213,.,.
FRATNP,2004,2,short,3,2,50,27,33,26,37,35,70,146,301,595,1020,1598,2186,3080,3962,5660,7617,11341,18307,15558,21127,20339,23830,.,.
FRATNP,2004,2,short,3,3,15,7,1,2,4,2,3,4,3,6,12,12,12,23,24,49,92,227,791,453,1138,922,1875,.,.
FRATNP,2004,2,short,3,4,106,7,2,9,11,9,10,9,13,17,49,62,105,166,308,608,1141,2235,7337,4514,10232,8198,17210,.,.
FRATNP,2004,2,short,3,5,0,0,0,1,1,5,6,11,29,39,63,67,77,84,124,208,574,1544,8614,4354,12982,10599,21154,.,.
FRATNP,2004,2,short,3,6,188,16,4,7,15,22,15,20,30,47,57,78,109,179,320,648,1503,3386,8622,6552,10745,10147,12797,.,.
FRATNP,2004,2,short,3,7,56,10,7,4,7,14,17,19,37,73,127,182,269,513,983,2104,4708,11379,43690,26083,61749,51239,97787,.,.
FRATNP,2004,2,short,3,8,12,1,1,1,4,3,5,21,30,48,68,102,128,173,382,843,2062,4574,14302,9591,19135,16877,26877,.,.
FRATNP,2004,2,short,3,9,9,0,0,1,2,3,2,4,10,16,22,32,43,49,96,211,482,1033,3965,2316,5656,4780,8660,.,.
FRATNP,2004,2,short,3,10,21,2,1,0,2,1,0,3,8,7,8,19,23,41,60,159,416,1205,6820,3239,10492,7962,19168,.,.
FRATNP,2004,2,short,3,11,3,3,1,4,1,3,5,4,8,21,29,41,73,102,212,443,842,1560,5098,3300,6943,5557,11694,.,.
FRATNP,2004,2,short,3,12,50,2,2,2,1,2,7,11,35,82,130,232,235,331,406,607,1006,1991,6037,3923,8205,7215,11598,.,.
FRATNP,2004,2,short,3,13,0,0,0,3,1,1,2,5,4,8,10,11,20,36,78,144,334,735,2866,1720,4043,3331,6481,.,.
FRATNP,2004,2,short,3,14,9,0,0,1,3,4,7,13,11,7,8,17,24,43,94,182,375,885,3001,1967,4062,3473,6082,.,.
FRATNP,2004,2,short,3,15,2914,25,5,8,10,9,10,11,12,11,9,16,25,16,19,18,26,32,46,36,56,52,69,.,.
FRATNP,2004,2,short,3,16,109,54,23,32,121,164,150,171,205,267,298,335,330,343,391,621,1017,2247,8056,4885,11309,9262,18327,.,.
FRATNP,2005,2,short,3,0,3243,183,84,89,213,286,313,454,749,1199,1974,2780,3693,5234,7615,12566,22919,46771,142115,88454,201908,169925,305316,.,.
FRATNP,2005,2,short,3,1,83,13,6,2,3,5,9,15,32,34,37,45,56,86,150,279,519,1035,2754,1775,3843,3326,5515,.,.
FRATNP,2005,2,short,3,2,23,34,31,25,35,45,71,155,298,568,1035,1559,2138,2981,4039,5566,7885,11439,18234,15500,21279,20345,24300,.,.
FRATNP,2005,2,short,3,3,14,3,2,1,3,2,2,3,4,4,10,10,15,18,33,68,112,224,773,443,1141,881,1981,.,.
FRATNP,2005,2,short,3,4,69,16,3,6,8,7,9,9,14,23,32,62,98,152,305,589,1126,2284,7289,4406,10501,8355,17439,.,.
FRATNP,2005,2,short,3,5,0,1,0,1,2,5,6,11,23,33,62,91,95,106,125,221,555,1597,8693,4286,13605,10557,23459,.,.
FRATNP,2005,2,short,3,6,146,13,8,6,16,17,21,20,36,41,60,86,120,197,314,639,1578,3871,9617,7029,12501,11558,15549,.,.
FRATNP,2005,2,short,3,7,54,9,2,4,14,9,23,23,39,77,132,186,273,471,953,1983,4584,11490,43623,24675,64738,53095,102380,.,.
FRATNP,2005,2,short,3,8,3,2,0,1,2,9,2,13,25,46,67,93,126,206,359,840,1948,4572,13716,9177,18774,16756,25297,.,.
FRATNP,2005,2,short,3,9,3,2,0,1,1,1,5,8,9,16,21,25,40,59,101,199,426,1026,3892,2305,5660,4695,8778,.,.
FRATNP,2005,2,short,3,10,31,5,2,1,1,1,2,6,5,8,14,13,28,50,76,174,485,1523,8499,3848,13682,10306,24598,.,.
FRATNP,2005,2,short,3,11,9,2,2,4,2,5,7,7,9,16,31,51,65,122,208,457,860,1675,5430,3363,7733,6409,12014,.,.
FRATNP,2005,2,short,3,12,40,6,2,2,2,7,5,15,39,77,142,208,252,310,357,614,1017,2003,5789,3566,8267,6960,12493,.,.
FRATNP,2005,2,short,3,13,0,1,1,1,3,2,2,4,5,5,10,15,19,36,68,143,340,766,2640,1565,3837,3041,6408,.,.
FRATNP,2005,2,short,3,14,9,1,0,1,1,1,7,8,12,6,10,13,28,35,79,185,398,936,3198,2103,4418,3750,6577,.,.
FRATNP,2005,2,short,3,15,2694,16,2,5,9,9,6,9,10,10,15,16,24,19,16,24,28,42,36,28,46,53,26,.,.
FRATNP,2005,2,short,3,16,66,59,24,28,113,161,134,147,192,235,295,306,317,386,432,584,1058,2290,7932,4386,11883,9837,18500,.,.
FRATNP,2006,2,short,3,0,3325,184,84,87,209,282,289,427,738,1164,1923,2832,3695,5166,7465,12191,21956,44117,128698,81180,197955,166240,285066,.,.
FRATNP,2006,2,short,3,1,59,13,6,2,4,7,6,12,31,37,40,43,56,95,155,241,483,930,2555,1652,3871,3377,5228,.,.
FRATNP,2006,2,short,3,2,38,33,22,23,29,42,68,133,304,559,1015,1606,2182,2997,4011,5510,7726,11230,17455,14902,21175,20493,23050,.,.
FRATNP,2006,2,short,3,3,9,10,4,4,1,4,1,4,3,8,7,12,15,17,32,42,109,242,759,448,1213,925,2003,.,.
FRATNP,2006,2,short,3,4,79,14,7,4,7,11,10,15,11,19,42,70,91,142,276,569,1055,2161,6648,3964,10560,8391,16515,.,.
FRATNP,2006,2,short,3,5,0,0,0,1,2,6,4,12,19,40,56,73,80,93,122,213,528,1560,7731,3769,13506,10542,21645,.,.
FRATNP,2006,2,short,3,6,135,16,12,6,14,20,15,21,33,46,66,98,129,215,305,708,1544,3672,9657,7194,13247,12289,15880,.,.
FRATNP,2006,2,short,3,7,32,9,2,4,13,14,15,24,39,71,129,194,268,462,873,1919,4336,10698,39682,22545,64658,52624,97709,.,.
FRATNP,2006,2,short,3,8,0,1,1,1,2,6,7,13,27,42,65,97,117,200,357,771,1888,4265,12296,8038,18502,16224,24760,.,.
FRATNP,2006,2,short,3,9,0,0,1,0,1,2,3,4,9,15,25,24,40,54,91,184,404,949,3415,1966,5528,4548,8221,.,.
FRATNP,2006,2,short,3,10,18,4,0,1,2,6,4,3,5,12,17,21,23,31,59,139,419,1120,5944,2745,10607,7833,18225,.,.
FRATNP,2006,2,short,3,11,23,2,2,1,4,5,5,4,9,8,29,40,54,115,214,377,775,1544,4644,2914,7166,5986,10407,.,.
FRATNP,2006,2,short,3,12,21,3,2,2,4,3,7,14,27,71,122,194,255,310,378,575,967,1943,5479,3575,8254,6937,11873,.,.
FRATNP,2006,2,short,3,13,3,2,1,2,1,2,4,3,4,6,7,12,22,34,76,166,270,758,2462,1400,4009,3143,6389,.,.
FRATNP,2006,2,short,3,14,0,2,0,0,1,3,10,8,13,7,6,16,24,52,77,163,413,937,2870,1868,4330,3723,5998,.,.
FRATNP,2006,2,short,3,15,2806,32,6,8,10,7,6,8,6,8,14,21,17,19,18,16,32,27,29,35,21,29,0,.,.
FRATNP,2006,2,short,3,16,103,46,20,28,116,144,125,148,198,215,283,311,322,331,420,600,1006,2083,7072,4166,11307,9175,17162,.,.
FRATNP,2007,2,short,3,0,3118,169,90,86,186,251,310,400,680,1142,1859,2727,3722,5097,7246,11857,21272,43045,124733,81545,201919,166690,284363,.,.
FRATNP,2007,2,short,3,1,58,6,3,2,5,5,9,15,20,37,40,53,60,75,118,261,489,904,2491,1703,3900,3311,5277,.,.
FRATNP,2007,2,short,3,2,37,27,31,20,31,46,75,132,267,533,982,1518,2168,2979,3889,5470,7489,11208,16980,14942,20622,19733,22703,.,.
FRATNP,2007,2,short,3,3,12,5,1,1,3,1,3,3,2,4,7,5,10,20,23,42,95,193,716,421,1241,987,1836,.,.
FRATNP,2007,2,short,3,4,69,11,7,10,6,12,6,8,12,24,39,62,98,155,249,530,1047,2079,6287,3851,10641,8555,15520,.,.
FRATNP,2007,2,short,3,5,0,0,1,0,2,6,7,13,17,36,56,83,90,92,117,230,536,1498,7295,3736,13657,10310,21490,.,.
FRATNP,2007,2,short,3,6,156,18,10,5,15,15,19,23,31,45,75,94,132,193,315,631,1537,3757,10184,7442,15086,13469,18869,.,.
FRATNP,2007,2,short,3,7,49,12,3,4,5,7,20,26,41,73,109,200,275,453,841,1796,4139,10157,38319,22525,66547,52985,98283,.,.
FRATNP,2007,2,short,3,8,6,0,1,1,2,2,6,9,29,41,63,90,114,157,341,726,1633,3986,11587,8110,17801,15687,22749,.,.
FRATNP,2007,2,short,3,9,3,0,0,1,1,2,2,5,5,6,21,23,41,61,113,179,382,912,3328,2007,5688,4551,8349,.,.
FRATNP,2007,2,short,3,10,12,9,1,0,3,1,2,1,6,8,17,16,21,39,73,145,409,1151,5867,2797,11353,8211,18707,.,.
FRATNP,2007,2,short,3,11,20,4,2,1,2,2,3,5,11,13,28,44,74,106,197,395,852,1651,4513,2998,7219,5942,10208,.,.
FRATNP,2007,2,short,3,12,43,1,1,0,2,2,8,13,30,71,127,196,253,322,396,572,980,1834,5094,3398,8124,6760,11317,.,.
FRATNP,2007,2,short,3,13,0,1,1,2,3,1,2,1,4,3,12,9,14,35,60,126,317,685,2306,1439,3855,3169,5462,.,.
FRATNP,2007,2,short,3,14,3,1,0,0,1,5,9,12,11,8,10,21,25,40,87,186,380,885,2941,1956,4702,3894,6594,.,.
FRATNP,2007,2,short,3,15,2570,27,7,5,7,9,10,10,8,10,13,20,23,22,14,15,26,29,44,54,26,23,35,.,.
FRATNP,2007,2,short,3,16,81,47,23,34,99,136,128,125,185,232,263,292,323,347,413,554,961,2114,6781,4166,11456,9102,16964,.,.
FRATNP,2008,2,short,3,0,3405,180,80,87,180,241,283,440,698,1149,1853,2768,3711,5058,7403,11814,21479,42815,123633,82786,207680,166360,291891,.,.
FRATNP,2008,2,short,3,1,54,14,5,2,2,9,4,13,20,40,46,50,63,97,129,252,505,1008,2753,1982,4340,3622,5804,.,.
FRATNP,2008,2,short,3,2,31,28,26,20,34,36,76,145,293,539,988,1561,2155,2942,4085,5464,7831,11074,17182,15261,21134,20086,23270,.,.
FRATNP,2008,2,short,3,3,14,7,3,1,1,4,3,1,5,5,8,9,15,16,33,53,106,208,676,392,1259,999,1791,.,.
FRATNP,2008,2,short,3,4,94,11,3,3,7,10,10,9,15,24,27,68,101,159,288,515,997,1988,6303,4033,10974,8212,16603,.,.
FRATNP,2008,2,short,3,5,0,0,0,1,1,5,8,16,25,32,62,64,91,98,117,216,539,1511,7142,3806,14008,10373,21414,.,.
FRATNP,2008,2,short,3,6,112,16,10,8,10,12,12,20,36,36,63,85,130,203,322,649,1617,3998,10732,7936,16485,14204,21134,.,.
FRATNP,2008,2,short,3,7,66,12,3,4,11,11,18,29,42,72,134,179,297,454,821,1738,4074,9842,37239,22599,67361,52179,98300,.,.
FRATNP,2008,2,short,3,8,11,1,1,3,3,3,11,16,23,44,61,94,118,166,329,755,1668,3858,11421,7964,18534,15744,24219,.,.
FRATNP,2008,2,short,3,9,3,0,0,1,1,3,2,3,9,17,19,34,34,50,84,176,385,902,3162,1937,5683,4486,8123,.,.
FRATNP,2008,2,short,3,10,14,5,1,2,1,2,3,5,6,10,17,20,25,37,68,172,375,1206,5734,2973,11415,7884,18609,.,.
FRATNP,2008,2,short,3,11,9,6,1,2,1,2,3,8,9,11,27,41,67,101,209,374,815,1678,4439,2942,7519,6031,10551,.,.
FRATNP,2008,2,short,3,12,26,4,2,2,1,2,5,14,27,64,114,204,231,322,354,557,929,1920,5106,3542,8324,6771,11489,.,.
FRATNP,2008,2,short,3,13,3,0,2,2,2,1,0,5,4,5,9,17,25,28,63,155,293,598,2218,1364,3974,2911,6138,.,.
FRATNP,2008,2,short,3,14,6,0,1,1,1,4,6,8,12,8,9,19,24,39,91,164,407,908,2886,1863,4991,3830,7357,.,.
FRATNP,2008,2,short,3,15,2885,22,8,8,8,9,6,7,6,13,12,15,26,19,17,16,19,31,39,41,34,25,54,.,.
FRATNP,2008,2,short,3,16,77,52,16,28,96,127,115,143,166,230,260,309,310,327,390,561,918,2086,6602,4151,11646,9002,17034,.,.
FRATNP,2009,2,short,3,0,3384,170,82,89,190,253,306,430,656,1147,1830,2778,3805,4947,7342,11499,20677,41953,122483,85436,207071,161738,290110,.,.
FRATNP,2009,2,short,3,1,54,10,4,2,3,6,5,13,19,29,39,41,67,84,133,264,498,1046,2847,2152,4433,3712,5754,.,.
FRATNP,2009,2,short,3,2,57,35,27,26,27,45,94,149,284,539,972,1590,2247,2861,4044,5367,7411,11042,17554,15858,21428,20363,23378,.,.
FRATNP,2009,2,short,3,3,21,5,4,2,1,2,2,2,1,6,7,13,19,17,26,36,105,190,713,457,1299,923,1987,.,.
FRATNP,2009,2,short,3,4,72,9,7,5,6,8,8,10,11,24,33,53,102,144,282,514,1019,1976,6309,4144,11252,8394,16486,.,.
FRATNP,2009,2,short,3,5,0,0,1,1,5,5,4,9,21,42,63,71,94,106,124,198,485,1412,7137,4021,14253,10587,20967,.,.
FRATNP,2009,2,short,3,6,130,17,11,6,18,15,18,22,35,41,60,85,120,192,330,664,1557,3830,11067,8474,16988,14421,21691,.,.
FRATNP,2009,2,short,3,7,60,8,3,5,5,13,13,24,34,81,120,185,261,431,774,1616,3833,9582,35986,22791,66113,48703,98004,.,.
FRATNP,2009,2,short,3,8,6,0,2,2,6,4,5,14,18,41,63,97,103,188,345,696,1615,3776,11056,8028,17972,14726,23916,.,.
FRATNP,2009,2,short,3,9,0,0,0,1,1,1,3,2,4,12,16,25,37,46,82,158,351,834,2961,1908,5363,4070,7731,.,.
FRATNP,2009,2,short,3,10,21,5,3,2,4,2,2,4,9,14,18,29,38,52,77,157,399,1246,5841,3119,12055,8162,19187,.,.
FRATNP,2009,2,short,3,11,12,6,0,1,3,3,5,4,6,13,28,51,68,103,196,385,788,1622,4536,3113,7786,5974,11104,.,.
FRATNP,2009,2,short,3,12,33,5,0,0,2,4,9,9,29,60,112,177,261,314,361,548,981,1846,4956,3547,8173,6448,11332,.,.
FRATNP,2009,2,short,3,13,0,1,0,0,3,2,1,4,7,6,9,13,18,33,68,156,306,617,2051,1363,3621,2705,5299,.,.
FRATNP,2009,2,short,3,14,0,0,1,0,0,2,13,17,11,12,8,14,24,43,84,162,365,900,2877,2023,4826,3833,6644,.,.
FRATNP,2009,2,short,3,15,2820,21,5,5,6,5,9,11,8,9,15,19,29,23,21,15,18,20,42,42,42,47,31,.,.
FRATNP,2009,2,short,3,16,96,49,15,30,100,138,114,135,155,219,268,315,318,310,396,562,945,2012,6550,4395,11469,8668,16600,.,.
FRATNP,2010,2,short,3,0,3246,164,72,85,169,240,300,366,635,1076,1770,2723,3748,5023,7238,11237,20294,40787,119244,83340,195846,151784,287017,.,.
FRATNP,2010,2,short,3,1,49,10,2,1,5,2,8,10,19,23,39,49,66,75,143,254,459,1008,2757,2091,4180,3419,5755,.,.
FRATNP,2010,2,short,3,2,29,30,26,23,29,38,86,136,265,521,927,1552,2234,2896,4090,5289,7469,11047,17314,15552,21073,19518,24293,.,.
FRATNP,2010,2,short,3,3,11,8,1,5,2,2,3,3,3,4,9,8,14,15,21,57,117,205,691,411,1287,785,2325,.,.
FRATNP,2010,2,short,3,4,92,16,5,5,7,6,12,6,19,20,40,59,97,157,228,476,992,1979,6068,3927,10637,7622,16874,.,.
FRATNP,2010,2,short,3,5,0,0,1,2,3,6,12,11,18,39,46,75,85,99,125,207,490,1475,6875,3887,13251,9313,21399,.,.
FRATNP,2010,2,short,3,6,135,12,6,9,12,14,13,18,28,36,59,97,133,209,311,663,1518,3800,11293,8685,16859,14459,21823,.,.
FRATNP,2010,2,short,3,7,46,9,2,2,5,12,14,23,35,70,128,179,245,438,763,1563,3623,9011,34759,21925,62141,45570,96427,.,.
FRATNP,2010,2,short,3,8,0,0,2,3,3,4,6,8,19,38,57,79,123,173,312,680,1533,3641,10790,7814,17141,14134,23363,.,.
FRATNP,2010,2,short,3,9,0,0,0,0,1,1,1,4,5,10,17,24,40,59,71,154,335,790,2896,1899,5024,3711,7739,.,.
FRATNP,2010,2,short,3,10,14,6,0,0,1,2,4,2,5,8,11,13,28,43,71,139,332,951,4850,2685,9471,6247,16140,.,.
FRATNP,2010,2,short,3,11,6,2,1,2,2,4,4,6,8,14,27,55,74,116,199,358,805,1487,4377,3064,7176,5546,10550,.,.
FRATNP,2010,2,short,3,12,9,1,1,2,2,5,3,9,25,48,108,181,227,300,354,505,954,1793,4956,3586,7880,6210,11335,.,.
FRATNP,2010,2,short,3,13,0,0,0,1,1,1,1,2,2,7,7,11,21,36,67,129,262,597,1948,1274,3386,2550,5115,.,.
FRATNP,2010,2,short,3,14,0,1,0,0,0,4,14,12,12,9,11,16,28,43,73,188,404,936,3068,2195,4932,3985,6892,.,.
FRATNP,2010,2,short,3,15,2774,25,6,5,7,7,9,6,9,10,16,11,18,23,18,13,14,25,31,36,22,28,10,.,.
FRATNP,2010,2,short,3,16,80,42,19,25,89,132,111,109,163,221,266,318,314,339,392,564,987,2043,6568,4310,11387,8686,16977,.,.
FRATNP,2011,2,short,3,0,3088,151,72,77,178,239,277,382,616,1034,1708,2662,3699,5029,6935,10914,19354,38475,115384,80132,181916,144180,288553,.,.
FRATNP,2011,2,short,3,1,47,11,1,3,5,7,5,12,11,22,43,48,71,82,151,250,500,990,2910,2087,4464,3656,6748,.,.
FRATNP,2011,2,short,3,2,26,24,28,24,37,46,75,124,262,496,875,1520,2155,2979,3948,5249,7459,10689,17218,15364,20717,19218,24954,.,.
FRATNP,2011,2,short,3,3,12,5,2,3,4,1,4,5,3,5,9,11,13,24,21,37,79,188,642,411,1077,785,1902,.,.
FRATNP,2011,2,short,3,4,73,10,3,3,9,10,10,12,12,17,38,62,94,148,264,412,825,1725,5422,3524,9002,6835,15126,.,.
FRATNP,2011,2,short,3,5,0,0,1,1,1,5,9,9,20,33,57,74,91,99,131,227,514,1503,7464,4242,13544,9718,24354,.,.
FRATNP,2011,2,short,3,6,140,12,7,7,12,13,16,21,33,41,64,91,125,211,306,612,1486,3699,11433,8450,17064,14929,23097,.,.
FRATNP,2011,2,short,3,7,56,6,1,3,8,9,21,26,33,66,106,163,257,408,651,1495,3288,8130,32934,20544,56320,42506,95354,.,.
FRATNP,2011,2,short,3,8,9,1,3,1,4,2,4,10,25,32,53,93,111,169,276,626,1430,3484,10436,7640,15714,13282,22587,.,.
FRATNP,2011,2,short,3,9,3,0,1,1,1,2,1,4,5,10,15,24,35,40,72,135,262,650,2321,1513,3846,2927,6442,.,.
FRATNP,2011,2,short,3,10,12,7,1,1,1,3,1,6,8,10,15,27,34,39,63,125,363,954,4851,2620,9062,6047,17583,.,.
FRATNP,2011,2,short,3,11,6,1,1,1,1,4,6,5,10,17,29,48,93,123,189,415,806,1618,4824,3359,7589,5892,12386,.,.
FRATNP,2011,2,short,3,12,9,1,1,0,1,5,5,10,24,54,102,173,225,290,352,487,834,1678,4504,3288,6800,5592,10212,.,.
FRATNP,2011,2,short,3,13,0,1,1,2,1,2,2,2,1,6,7,14,21,32,72,117,249,557,1664,1152,2630,1910,4665,.,.
FRATNP,2011,2,short,3,14,3,1,0,0,1,5,6,9,7,7,8,10,23,32,63,150,338,714,2482,1746,3871,3149,5910,.,.
FRATNP,2011,2,short,3,15,2590,23,3,5,6,10,5,13,7,12,14,17,28,22,19,16,17,17,39,31,55,63,34,.,.
FRATNP,2011,2,short,3,16,102,49,19,23,88,117,106,115,155,203,274,290,326,331,357,560,903,1879,6240,4162,10162,7672,17198,.,.
FRATNP,2012,2,short,3,0,3133,146,71,87,164,236,276,363,600,973,1685,2607,3689,5006,6983,10950,19788,39562,121662,83276,187970,152079,315864,.,.
FRATNP,2012,2,short,3,1,47,10,2,1,1,4,4,8,21,22,34,49,75,84,149,250,493,1026,2999,2163,4443,3742,6944,.,.
FRATNP,2012,2,short,3,2,24,21,20,28,29,31,73,117,271,493,881,1526,2196,2959,3966,5316,7618,10997,17404,15513,20671,19519,24776,.,.
FRATNP,2012,2,short,3,3,9,6,1,3,3,2,3,1,4,5,7,9,15,15,18,41,77,164,638,368,1103,878,1904,.,.
FRATNP,2012,2,short,3,4,77,18,6,3,6,10,10,12,12,20,34,62,82,155,242,435,873,1795,5794,3723,9371,7329,16650,.,.
FRATNP,2012,2,short,3,5,0,1,0,1,4,5,6,9,17,35,52,66,79,99,127,248,605,1652,8514,4918,14726,11099,27650,.,.
FRATNP,2012,2,short,3,6,133,17,8,9,12,21,20,21,26,31,53,98,138,209,337,689,1567,3884,12536,9124,18428,15781,27862,.,.
FRATNP,2012,2,short,3,7,38,3,3,4,7,11,15,26,40,67,105,170,266,377,685,1380,3258,8173,33509,20652,55719,42792,101779,.,.
FRATNP,2012,2,short,3,8,0,1,3,0,4,2,7,10,23,39,73,79,129,169,272,610,1398,3452,10796,7571,16367,13969,24913,.,.
FRATNP,2012,2,short,3,9,3,0,0,0,0,1,1,2,5,6,16,20,25,44,66,134,265,604,2305,1425,3826,2934,7006,.,.
FRATNP,2012,2,short,3,10,12,6,1,0,1,2,2,2,3,7,13,9,28,43,69,167,390,1136,6226,3369,11160,7860,22922,.,.
FRATNP,2012,2,short,3,11,0,4,2,3,1,3,4,5,5,10,24,55,90,148,206,388,861,1814,5295,3648,8139,6547,13813,.,.
FRATNP,2012,2,short,3,12,6,0,1,1,1,5,1,11,20,42,107,157,207,291,351,500,849,1636,4626,3341,6847,5682,11000,.,.
FRATNP,2012,2,short,3,13,0,0,1,1,0,1,1,2,6,5,8,12,19,36,64,136,267,536,1784,1176,2835,2258,4890,.,.
FRATNP,2012,2,short,3,14,0,0,0,0,1,2,8,10,5,5,10,12,21,41,65,133,316,793,2664,1816,4130,3368,6844,.,.
FRATNP,2012,2,short,3,15,2703,14,1,5,5,9,11,8,9,9,18,15,26,29,18,17,17,27,39,38,40,48,12,.,.
FRATNP,2012,2,short,3,16,83,46,22,29,89,125,111,119,132,178,250,268,291,307,348,504,935,1874,6532,4430,10162,8272,16899,.,.
FRATNP,2013,2,short,3,0,3271,157,83,79,150,210,256,360,586,974,1628,2525,3674,5023,6870,11083,18898,37837,118820,80957,180583,151074,302133,.,.
FRATNP,2013,2,short,3,1,27,9,3,2,6,3,6,12,13,24,29,41,55,79,128,224,421,955,2808,2001,4124,3491,6730,.,.
FRATNP,2013,2,short,3,2,21,26,31,21,26,34,69,142,258,481,896,1469,2229,2961,3882,5484,7364,10449,17543,15334,21147,20189,25094,.,.
FRATNP,2013,2,short,3,3,9,4,3,2,1,1,2,2,4,4,6,7,15,16,20,39,73,154,626,378,1030,802,1969,.,.
FRATNP,2013,2,short,3,4,91,13,4,7,5,7,7,6,17,18,42,62,88,161,227,459,829,1745,5775,3769,9048,7384,15899,.,.
FRATNP,2013,2,short,3,5,0,0,0,1,3,3,6,9,15,27,45,57,73,115,150,256,608,1700,8608,4922,14620,11372,28003,.,.
FRATNP,2013,2,short,3,6,154,24,9,11,10,18,14,19,26,38,55,109,133,195,316,619,1494,3797,12071,8787,17429,15514,25316,.,.
FRATNP,2013,2,short,3,7,39,8,1,2,8,11,19,12,38,64,110,158,247,411,649,1389,3083,7693,32648,19940,53378,42773,97063,.,.
FRATNP,2013,2,short,3,8,0,2,1,2,3,1,2,14,19,44,58,76,119,172,265,618,1342,3211,10449,7350,15502,13468,23881,.,.
FRATNP,2013,2,short,3,9,0,0,0,0,1,1,1,1,3,8,14,17,28,48,67,117,254,576,2330,1481,3715,3059,6417,.,.
FRATNP,2013,2,short,3,10,18,2,3,0,4,1,4,1,4,6,14,18,33,48,69,142,380,1037,5570,3028,9717,7238,19929,.,.
FRATNP,2013,2,short,3,11,3,2,0,2,4,4,4,6,4,14,23,51,86,138,201,409,843,1672,5011,3494,7486,6128,13082,.,.
FRATNP,2013,2,short,3,12,6,1,1,0,2,4,7,9,23,41,82,151,216,257,340,501,792,1661,4625,3352,6702,5717,10760,.,.
FRATNP,2013,2,short,3,13,0,1,1,1,2,3,1,2,4,10,10,12,27,37,72,109,270,584,1755,1156,2732,2255,4695,.,.
FRATNP,2013,2,short,3,14,0,0,1,1,1,1,5,10,9,9,9,12,17,36,73,143,286,739,2596,1751,3976,3377,6443,.,.
FRATNP,2013,2,short,3,15,2838,21,6,4,3,8,6,12,10,9,14,21,26,40,22,19,21,24,36,35,36,35,39,.,.
FRATNP,2013,2,short,3,16,64,43,20,24,72,110,100,103,141,178,220,264,283,309,386,555,837,1842,6369,4179,9942,8274,16812,.,.
FRATNP,2014,2,short,3,0,3156,145,72,72,145,191,271,336,584,965,1592,2466,3562,4948,6768,10470,18285,36095,113125,75769,171161,146199,282807,.,.
FRATNP,2014,2,short,3,1,39,8,2,1,5,3,6,4,11,19,31,35,51,82,126,211,379,831,2601,1866,3743,3405,5255,.,.
FRATNP,2014,2,short,3,2,30,25,27,23,21,41,84,119,286,501,882,1467,2196,2996,3887,5339,7327,10641,17359,15055,20938,20054,24890,.,.
FRATNP,2014,2,short,3,3,15,6,1,1,1,4,3,2,3,4,8,5,8,13,12,41,71,142,609,386,956,787,1712,.,.
FRATNP,2014,2,short,3,4,57,8,5,2,5,9,5,12,18,19,36,48,94,144,231,396,807,1590,5225,3321,8183,6511,15661,.,.
FRATNP,2014,2,short,3,5,0,0,0,1,2,1,5,9,19,22,47,61,74,102,121,212,553,1615,8485,4864,14110,11428,26105,.,.
FRATNP,2014,2,short,3,6,99,10,9,4,8,10,17,15,27,34,59,93,124,209,353,610,1448,3530,11238,7927,16380,14887,23060,.,.
FRATNP,2014,2,short,3,7,39,15,2,1,5,13,11,18,31,61,103,146,262,404,636,1240,2861,7188,31103,18529,50637,41637,90892,.,.
FRATNP,2014,2,short,3,8,3,2,3,2,2,4,4,7,13,39,54,87,110,154,262,555,1316,2957,10001,6903,14814,13003,22916,.,.
FRATNP,2014,2,short,3,9,6,0,0,0,0,1,1,2,5,6,14,16,29,44,72,126,221,549,2129,1321,3385,2870,5686,.,.
FRATNP,2014,2,short,3,10,18,3,0,1,1,1,2,4,5,6,9,18,24,44,62,121,322,885,4652,2433,8098,6188,16641,.,.
FRATNP,2014,2,short,3,11,9,1,1,1,2,5,6,6,7,14,24,48,81,128,212,402,749,1688,4836,3263,7279,6191,12144,.,.
FRATNP,2014,2,short,3,12,6,2,1,1,2,3,8,7,19,37,77,150,203,254,309,443,796,1508,4454,3042,6646,5726,10759,.,.
FRATNP,2014,2,short,3,13,0,0,1,2,1,0,3,5,3,5,12,9,17,32,54,102,265,515,1646,1141,2431,2077,4013,.,.
FRATNP,2014,2,short,3,14,0,0,0,0,0,1,8,8,11,4,9,15,17,37,67,145,326,745,2673,1768,4078,3499,6667,.,.
FRATNP,2014,2,short,3,15,2757,24,6,8,6,5,3,14,9,12,16,16,25,29,27,17,14,25,32,26,42,48,13,.,.
FRATNP,2014,2,short,3,16,78,42,15,26,84,89,106,103,116,180,214,250,248,276,336,510,830,1685,6084,3922,9441,7887,16393,.,.
FRATNP,2015,2,short,3,0,3280,142,69,79,166,216,250,342,551,931,1570,2484,3612,4969,6922,10805,18813,37491,121645,79187,185462,158446,292280,.,.
FRATNP,2015,2,short,3,1,45,8,1,2,3,7,4,10,7,16,20,43,55,66,116,189,411,879,2864,1944,4246,3775,6111,.,.
FRATNP,2015,2,short,3,2,18,28,27,26,31,47,66,135,257,486,852,1450,2204,3000,3936,5440,7395,10726,17735,15453,21165,20251,24780,.,.
FRATNP,2015,2,short,3,3,9,6,3,0,4,3,1,2,1,3,6,8,13,10,15,39,64,157,670,374,1113,901,1952,.,.
FRATNP,2015,2,short,3,4,69,8,4,4,5,9,7,12,19,21,37,64,94,145,236,440,809,1776,5854,3605,9235,7526,15992,.,.
FRATNP,2015,2,short,3,5,0,0,0,0,1,1,5,11,14,23,49,59,66,90,138,254,626,1822,9392,5136,15789,13100,26419,.,.
FRATNP,2015,2,short,3,6,133,18,3,5,6,16,13,19,26,38,67,87,135,194,359,682,1564,3623,12311,8315,18317,16299,26296,.,.
FRATNP,2015,2,short,3,7,60,4,5,3,7,10,12,19,31,59,93,164,231,416,658,1264,2907,7092,32282,18695,52703,43159,90442,.,.
FRATNP,2015,2,short,3,8,6,2,0,1,2,2,6,7,17,30,68,75,102,161,250,535,1199,3028,10037,6716,15029,13304,21847,.,.
FRATNP,2015,2,short,3,9,12,2,0,0,1,1,2,1,4,5,16,14,34,37,77,122,222,574,2211,1294,3589,3002,5911,.,.
FRATNP,2015,2,short,3,10,27,5,1,2,1,1,3,2,8,6,16,12,38,53,72,143,385,1115,6354,3337,10888,8571,20051,.,.
FRATNP,2015,2,short,3,11,18,2,1,1,5,5,6,4,4,14,29,54,98,162,214,417,863,1826,5792,3877,8671,7327,13984,.,.
FRATNP,2015,2,short,3,12,45,2,1,1,1,2,5,13,19,44,73,151,199,277,325,468,847,1623,4696,3159,7006,6248,10003,.,.
FRATNP,2015,2,short,3,13,0,2,1,1,1,0,4,2,4,7,13,21,27,40,69,126,228,545,1713,1122,2601,2153,4372,.,.
FRATNP,2015,2,short,3,14,6,2,0,0,1,2,3,5,8,9,11,12,23,31,67,133,331,768,2865,1792,4477,3906,6736,.,.
FRATNP,2015,2,short,3,15,2764,24,4,8,5,12,5,10,10,10,10,26,28,31,26,22,27,30,56,47,68,68,67,.,.
FRATNP,2015,2,short,3,16,66,33,18,25,92,98,107,89,124,161,212,245,263,257,366,529,934,1908,6815,4320,10565,8857,17319,.,.
FRATNP,2000,3,short,3,0,4598,250,127,159,485,696,730,922,1345,2188,3391,4718,6621,9521,14517,22408,36412,62919,152611,115851,223543,197929,326115,.,.
FRATNP,2000,3,short,3,1,168,16,2,4,4,5,18,49,88,84,79,84,119,174,263,445,747,1336,3161,2438,4556,4022,6694,.,.
FRATNP,2000,3,short,3,2,44,46,33,27,50,58,88,152,326,745,1465,2331,3490,4935,7010,9432,12256,16358,23262,21462,26737,25949,29893,.,.
FRATNP,2000,3,short,3,3,37,11,4,4,2,4,4,4,4,8,12,15,19,24,52,83,150,271,877,621,1372,1189,2104,.,.
FRATNP,2000,3,short,3,4,109,12,6,7,6,9,10,10,20,32,59,98,156,254,497,821,1444,2654,7287,5149,11414,9769,18003,.,.
FRATNP,2000,3,short,3,5,1,1,0,0,2,10,15,33,61,108,147,147,169,177,240,362,851,2118,8157,5401,13476,11513,21334,.,.
FRATNP,2000,3,short,3,6,176,22,11,11,23,23,21,33,46,65,92,111,143,256,452,879,1801,3199,6302,5461,7923,7610,9175,.,.
FRATNP,2000,3,short,3,7,96,8,3,6,13,18,25,43,92,212,352,564,824,1343,2384,4346,8166,16093,45470,32872,69777,60598,106536,.,.
FRATNP,2000,3,short,3,8,40,2,1,3,3,8,12,22,37,61,108,136,222,369,715,1496,3137,6207,15874,12435,22509,20684,29816,.,.
FRATNP,2000,3,short,3,9,0,1,0,0,1,3,3,9,15,28,51,69,117,197,319,583,1049,1856,5005,3798,7334,6460,10835,.,.
FRATNP,2000,3,short,3,10,31,5,0,1,2,3,4,6,7,17,26,38,59,103,182,398,912,2262,9288,5700,16213,13358,27643,.,.
FRATNP,2000,3,short,3,11,21,4,1,4,6,8,7,10,17,26,49,89,137,260,546,968,1594,2950,6506,5043,9327,8146,14059,.,.
FRATNP,2000,3,short,3,12,51,3,0,2,2,4,12,31,72,173,282,390,488,649,820,1024,1510,2433,6217,4617,9304,8207,13697,.,.
FRATNP,2000,3,short,3,13,4,2,1,0,2,2,1,3,7,5,12,17,29,46,89,187,432,896,2919,1999,4693,4069,7192,.,.
FRATNP,2000,3,short,3,14,16,0,0,0,0,2,5,9,7,11,14,21,38,72,141,266,539,1158,3156,2355,4700,4207,6676,.,.
FRATNP,2000,3,short,3,15,3632,26,12,11,10,11,10,12,10,13,14,19,22,21,18,29,27,54,74,65,92,87,110,.,.
FRATNP,2000,3,short,3,16,170,92,52,79,358,527,492,498,538,600,632,589,588,640,791,1090,1797,3076,9058,6436,14115,12060,22346,.,.
FRATNP,2001,3,short,3,0,4547,264,117,157,511,697,745,888,1360,2147,3420,4701,6565,9402,14019,21857,35522,60684,155692,116309,221442,194983,325325,.,.
FRATNP,2001,3,short,3,1,95,14,4,4,6,6,12,41,93,88,75,83,111,155,232,418,741,1217,3074,2377,4236,3811,5904,.,.
FRATNP,2001,3,short,3,2,38,43,31,31,45,62,87,146,308,689,1446,2297,3483,4899,6922,9498,12220,16256,23598,21626,26889,26238,29444,.,.
FRATNP,2001,3,short,3,3,31,9,2,4,2,3,1,2,8,9,10,15,19,33,45,75,154,267,894,599,1387,1169,2240,.,.
FRATNP,2001,3,short,3,4,103,13,6,7,7,10,12,10,21,38,69,108,156,262,468,816,1441,2603,7642,5235,11661,9740,19204,.,.
FRATNP,2001,3,short,3,5,0,1,1,1,3,10,16,33,65,93,150,172,187,183,218,374,814,1995,8732,5530,14078,11879,22713,.,.
FRATNP,2001,3,short,3,6,175,26,7,16,27,28,29,34,57,73,88,122,169,256,415,804,1825,3481,7021,6187,8412,8009,9994,.,.
FRATNP,2001,3,short,3,7,74,4,3,7,13,14,28,44,101,211,374,523,787,1317,2253,4177,7932,15184,46816,33173,69594,60334,105954,.,.
FRATNP,2001,3,short,3,8,21,1,1,2,4,8,12,17,35,68,104,146,214,359,696,1384,3004,5988,15992,12260,22223,20296,29788,.,.
FRATNP,2001,3,short,3,9,6,0,1,1,1,4,3,10,11,25,55,72,106,174,327,558,1004,1734,5231,3812,7600,6654,11312,.,.
FRATNP,2001,3,short,3,10,31,4,0,1,2,1,4,6,9,17,25,32,45,88,157,326,703,1723,8117,4894,13498,10818,24023,.,.
FRATNP,2001,3,short,3,11,17,6,2,2,4,7,8,11,15,26,51,76,130,253,467,897,1602,2610,6437,5022,8798,7600,13501,.,.
FRATNP,2001,3,short,3,12,60,1,1,4,4,3,9,26,73,187,298,415,480,639,807,1029,1485,2431,6495,4761,9389,8196,14071,.,.
FRATNP,2001,3,short,3,13,0,1,0,1,3,2,3,3,4,5,10,16,31,43,92,201,419,879,2947,1979,4564,3901,7166,.,.
FRATNP,2001,3,short,3,14,7,0,0,0,1,3,4,5,9,10,15,20,38,69,140,246,520,1185,3481,2486,5142,4393,8085,.,.
FRATNP,2001,3,short,3,15,3740,32,8,10,14,9,10,14,9,7,15,18,26,20,22,23,26,41,56,51,64,50,118,.,.
FRATNP,2001,3,short,3,16,149,106,50,68,375,527,508,485,543,603,634,588,583,653,759,1030,1633,3092,9160,6316,13908,11896,21808,.,.
FRATNP,2002,3,short,3,0,4175,237,126,138,444,684,735,854,1285,2108,3352,4768,6559,9152,13771,21361,35156,60311,160623,117916,222666,196237,324530,.,.
FRATNP,2002,3,short,3,1,98,12,3,2,6,7,16,31,78,97,83,84,111,152,243,411,732,1263,3184,2500,4178,3707,5994,.,.
FRATNP,2002,3,short,3,2,39,32,40,34,46,67,85,133,290,691,1446,2378,3447,4776,6886,9299,12250,16231,23841,21580,27125,26538,29390,.,.
FRATNP,2002,3,short,3,3,27,13,4,4,4,3,4,4,6,9,9,12,19,33,44,74,132,287,861,567,1289,1112,1974,.,.
FRATNP,2002,3,short,3,4,76,19,6,6,9,10,10,14,24,33,60,90,159,254,477,820,1475,2616,7920,5344,11662,9743,19057,.,.
FRATNP,2002,3,short,3,5,0,1,1,1,3,10,18,26,52,102,155,173,169,184,225,366,780,1990,9178,5790,14099,11915,22517,.,.
FRATNP,2002,3,short,3,6,171,24,12,14,20,29,27,35,46,65,94,117,160,265,431,852,1837,3579,7830,6715,9450,9072,10906,.,.
FRATNP,2002,3,short,3,7,80,9,3,5,13,19,29,43,104,203,349,533,798,1241,2163,3885,7619,14919,48236,33363,69843,60122,107308,.,.
FRATNP,2002,3,short,3,8,17,2,1,2,4,7,11,18,38,61,102,152,212,333,655,1367,2863,5570,15778,11895,21418,19621,28341,.,.
FRATNP,2002,3,short,3,9,3,0,0,0,1,4,4,8,12,23,49,65,117,179,286,546,965,1712,4972,3527,7072,6232,10309,.,.
FRATNP,2002,3,short,3,10,28,3,1,1,3,3,4,6,8,16,20,39,58,77,150,336,811,1892,9082,5441,14372,11610,25016,.,.
FRATNP,2002,3,short,3,11,29,4,1,2,5,5,9,10,15,26,43,81,132,237,434,871,1608,2664,6659,5096,8931,7775,13386,.,.
FRATNP,2002,3,short,3,12,52,5,2,0,2,3,8,20,80,168,298,401,502,631,767,1007,1442,2479,6533,4750,9123,8048,13267,.,.
FRATNP,2002,3,short,3,13,3,0,1,2,1,1,2,2,4,7,11,16,25,50,88,188,400,912,3031,2121,4352,3784,6543,.,.
FRATNP,2002,3,short,3,14,3,0,0,0,0,3,6,8,9,10,16,20,38,70,149,286,561,1155,3764,2637,5403,4787,7776,.,.
FRATNP,2002,3,short,3,15,3405,24,7,6,9,13,6,11,11,9,14,15,23,23,16,25,27,32,54,44,69,64,87,.,.
FRATNP,2002,3,short,3,16,145,88,44,59,316,498,495,482,510,587,603,592,588,646,756,1029,1654,3011,9700,6547,14281,12107,22659,.,.
FRATNP,2003,3,short,3,0,4106,243,110,138,397,632,655,851,1270,2007,3313,4812,6558,9153,13525,21224,35421,62628,170821,120848,234464,204748,348279,.,.
FRATNP,2003,3,short,3,1,95,18,3,4,6,9,10,31,71,96,84,83,109,152,249,412,801,1357,3616,2606,4903,4309,7177,.,.
FRATNP,2003,3,short,3,2,37,43,27,32,44,62,93,148,304,636,1417,2353,3441,4783,6625,9113,12236,16307,24082,21507,27362,26504,30649,.,.
FRATNP,2003,3,short,3,3,19,9,3,2,2,3,3,4,6,8,10,15,15,31,39,81,145,281,949,575,1425,1202,2279,.,.
FRATNP,2003,3,short,3,4,98,12,5,7,7,10,8,11,19,39,78,114,173,260,472,862,1594,3014,9900,6286,14503,11938,24330,.,.
FRATNP,2003,3,short,3,5,0,0,0,1,2,13,16,30,53,96,151,179,191,186,239,381,838,2065,10041,6053,15119,12563,24907,.,.
FRATNP,2003,3,short,3,6,143,18,13,12,20,27,31,33,53,68,98,129,167,250,471,894,1995,4133,9233,7698,11189,10632,13320,.,.
FRATNP,2003,3,short,3,7,88,11,4,6,10,12,24,51,90,196,338,536,805,1234,2063,3872,7361,15099,50307,33477,71740,61278,111813,.,.
FRATNP,2003,3,short,3,8,22,3,2,2,2,9,12,18,27,64,94,143,204,345,646,1340,2812,5809,16028,12035,21113,19343,27894,.,.
FRATNP,2003,3,short,3,9,4,0,0,1,2,1,6,8,14,23,42,59,108,173,285,517,886,1713,4922,3456,6789,5994,9835,.,.
FRATNP,2003,3,short,3,10,30,5,2,1,2,4,2,6,8,16,22,32,55,94,175,343,791,2074,9727,5523,15081,11990,26920,.,.
FRATNP,2003,3,short,3,11,16,4,1,1,4,6,5,10,14,22,44,87,136,251,452,885,1687,2853,7563,5378,10347,9023,15416,.,.
FRATNP,2003,3,short,3,12,14,6,2,2,3,3,10,22,67,155,287,422,501,626,808,1017,1492,2436,6756,4712,9359,8162,13941,.,.
FRATNP,2003,3,short,3,13,1,1,1,1,0,3,2,4,5,6,8,13,26,51,90,166,412,891,3083,1914,4572,3850,7336,.,.
FRATNP,2003,3,short,3,14,7,1,1,0,1,2,3,8,8,11,15,21,35,76,140,268,585,1286,3974,2696,5603,5055,7701,.,.
FRATNP,2003,3,short,3,15,3391,25,9,7,13,11,15,14,13,11,15,20,25,22,17,22,20,30,44,35,55,44,96,.,.
FRATNP,2003,3,short,3,16,140,86,37,59,278,458,414,453,517,561,611,606,566,622,757,1049,1767,3280,10596,6899,15305,12862,24664,.,.
FRATNP,2004,3,short,3,0,4038,210,94,120,382,593,608,783,1183,1921,3093,4591,6189,8701,12453,19630,32205,57467,150830,104683,203340,177422,300666,.,.
FRATNP,2004,3,short,3,1,85,17,3,1,5,5,11,25,63,95,84,79,101,129,208,357,636,1202,2916,2042,3912,3401,5829,.,.
FRATNP,2004,3,short,3,2,40,33,33,28,43,51,82,144,276,630,1334,2311,3352,4778,6349,8859,11781,16098,23507,21034,26320,25689,28689,.,.
FRATNP,2004,3,short,3,3,23,8,2,2,3,3,2,5,4,8,13,16,17,31,35,70,127,260,839,502,1223,1021,1981,.,.
FRATNP,2004,3,short,3,4,100,12,4,7,9,10,12,11,18,33,61,101,167,255,431,765,1332,2471,7355,4814,10246,8404,17163,.,.
FRATNP,2004,3,short,3,5,0,0,0,1,3,8,15,33,61,94,138,156,171,170,212,309,686,1693,8122,4463,12286,10233,19996,.,.
FRATNP,2004,3,short,3,6,168,19,5,10,19,29,23,32,48,65,84,108,146,236,391,767,1693,3724,8664,6828,10754,10167,12958,.,.
FRATNP,2004,3,short,3,7,69,10,5,5,9,15,20,38,93,174,310,499,699,1123,1898,3523,6716,14193,45577,29267,64135,54675,99660,.,.
FRATNP,2004,3,short,3,8,20,2,1,1,5,7,10,18,30,50,83,137,193,292,580,1155,2496,5092,14259,10028,19074,17016,26804,.,.
FRATNP,2004,3,short,3,9,9,0,0,1,2,3,3,6,13,23,38,66,97,154,247,459,861,1535,4357,2919,5992,5199,8971,.,.
FRATNP,2004,3,short,3,10,24,1,1,0,2,2,2,5,10,10,19,30,43,75,119,264,610,1571,7499,4077,11391,8916,20686,.,.
FRATNP,2004,3,short,3,11,10,3,1,3,4,5,7,5,12,23,45,72,132,216,397,811,1458,2535,6524,4759,8533,7267,13288,.,.
FRATNP,2004,3,short,3,12,56,4,2,3,2,5,9,18,54,143,252,372,457,557,706,924,1402,2338,6218,4288,8413,7514,11789,.,.
FRATNP,2004,3,short,3,13,1,0,0,2,2,1,2,4,4,8,9,12,23,40,84,143,349,733,2721,1637,3954,3326,6313,.,.
FRATNP,2004,3,short,3,14,10,0,0,0,2,2,4,7,8,9,11,24,38,62,118,254,533,1203,3612,2477,4904,4292,7204,.,.
FRATNP,2004,3,short,3,15,3298,30,7,8,11,12,13,12,13,12,13,16,22,21,19,19,29,34,53,47,59,53,79,.,.
FRATNP,2004,3,short,3,16,125,71,28,47,262,435,394,421,476,545,600,591,533,563,661,952,1497,2786,8607,5499,12143,10248,19257,.,.
FRATNP,2005,3,short,3,0,3689,199,98,109,375,588,602,782,1132,1808,3102,4561,6271,8645,12467,19557,32123,58941,151834,102279,213981,184882,316964,.,.
FRATNP,2005,3,short,3,1,84,12,5,2,5,6,11,21,50,83,90,80,94,146,215,355,644,1257,2947,2064,4054,3545,5857,.,.
FRATNP,2005,3,short,3,2,28,35,34,26,45,56,82,148,275,588,1314,2281,3358,4687,6352,8880,11889,16064,23414,20934,26523,25907,28703,.,.
FRATNP,2005,3,short,3,3,20,6,2,1,3,2,3,4,4,5,11,13,20,26,42,81,129,261,801,454,1237,1003,2067,.,.
FRATNP,2005,3,short,3,4,63,14,4,7,10,9,10,13,18,34,59,103,155,247,433,736,1351,2512,7207,4599,10478,8467,17593,.,.
FRATNP,2005,3,short,3,5,0,0,0,1,3,10,19,32,56,90,148,185,182,202,210,315,664,1765,8194,4313,13060,10436,22350,.,.
FRATNP,2005,3,short,3,6,166,16,7,9,23,24,29,31,49,61,86,117,161,234,409,796,1784,4250,9625,7398,12418,11577,15393,.,.
FRATNP,2005,3,short,3,7,60,7,3,5,12,14,24,43,86,174,325,496,733,1077,1848,3376,6542,14155,44960,27541,66804,56358,103774,.,.
FRATNP,2005,3,short,3,8,7,2,1,2,2,7,6,16,30,61,85,131,196,296,566,1125,2344,5149,13802,9705,18940,17135,25328,.,.
FRATNP,2005,3,short,3,9,4,1,0,1,1,1,5,8,13,20,39,59,96,158,243,426,769,1517,4222,2773,6038,5159,9151,.,.
FRATNP,2005,3,short,3,10,37,5,1,1,1,2,3,8,8,12,21,33,52,91,156,304,706,1911,9142,4611,14823,11619,26163,.,.
FRATNP,2005,3,short,3,11,14,2,1,2,4,7,8,9,12,20,42,78,126,234,414,849,1524,2766,6786,4660,9452,8148,14067,.,.
FRATNP,2005,3,short,3,12,44,6,2,3,2,7,6,22,56,133,251,362,459,547,682,931,1351,2415,5999,3967,8547,7348,12790,.,.
FRATNP,2005,3,short,3,13,0,1,0,1,2,1,2,3,4,5,10,14,24,43,78,152,344,746,2466,1518,3654,2935,6202,.,.
FRATNP,2005,3,short,3,14,6,1,0,0,1,1,5,6,7,6,16,20,40,57,114,273,553,1221,3777,2551,5313,4591,7869,.,.
FRATNP,2005,3,short,3,15,3057,24,5,6,10,11,10,11,12,12,15,21,27,22,17,27,25,38,41,29,56,56,53,.,.
FRATNP,2005,3,short,3,16,100,68,32,43,252,429,380,407,454,505,589,568,546,578,685,931,1504,2915,8454,5162,12582,10597,19605,.,.
FRATNP,2006,3,short,3,0,3821,201,91,116,355,533,572,742,1113,1757,2966,4579,6193,8496,12119,18611,30721,55745,138260,94953,209992,180783,297587,.,.
FRATNP,2006,3,short,3,1,66,12,4,3,6,9,8,16,46,81,79,89,99,149,206,330,617,1166,2817,1995,4179,3771,5404,.,.
FRATNP,2006,3,short,3,2,40,31,30,25,37,56,81,133,284,568,1237,2273,3353,4640,6337,8641,11622,15880,22347,19944,26327,25724,28134,.,.
FRATNP,2006,3,short,3,3,27,9,3,3,2,3,1,5,3,8,10,14,21,27,39,69,124,243,786,476,1299,1019,2138,.,.
FRATNP,2006,3,short,3,4,105,13,6,5,7,11,11,16,17,32,66,102,149,233,388,710,1248,2336,6615,4246,10539,8569,16446,.,.
FRATNP,2006,3,short,3,5,0,0,0,1,3,9,17,33,54,89,127,180,166,174,197,295,633,1686,7251,3889,12820,10248,20532,.,.
FRATNP,2006,3,short,3,6,160,18,10,10,22,25,29,33,51,67,95,122,169,245,391,820,1787,4037,9501,7397,12987,12136,15538,.,.
FRATNP,2006,3,short,3,7,39,10,2,6,15,15,22,45,80,168,303,491,711,1051,1734,3107,6079,13264,41226,25791,66792,55859,99579,.,.
FRATNP,2006,3,short,3,8,1,2,1,1,2,7,6,15,30,49,89,143,190,299,514,1042,2244,4771,12334,8589,18536,16370,25033,.,.
FRATNP,2006,3,short,3,9,3,0,1,0,1,2,3,5,14,21,40,52,91,150,244,402,759,1427,3734,2442,5874,5025,8419,.,.
FRATNP,2006,3,short,3,10,17,4,1,1,2,4,3,4,10,14,22,36,42,69,115,242,620,1486,6486,3346,11689,9091,19481,.,.
FRATNP,2006,3,short,3,11,19,3,1,2,5,6,5,5,13,16,42,76,115,209,392,733,1374,2540,5984,4181,8971,7704,12770,.,.
FRATNP,2006,3,short,3,12,30,5,2,3,3,6,9,17,49,127,245,366,462,557,656,890,1306,2240,5754,4041,8592,7387,12205,.,.
FRATNP,2006,3,short,3,13,1,1,1,1,1,3,3,2,3,6,7,14,24,40,76,163,302,738,2285,1348,3837,3057,6177,.,.
FRATNP,2006,3,short,3,14,1,1,0,1,1,2,6,5,9,7,10,20,32,66,124,220,550,1228,3482,2375,5316,4666,7267,.,.
FRATNP,2006,3,short,3,15,3189,29,7,9,9,9,8,12,11,10,16,23,24,22,21,16,26,29,44,45,42,53,10,.,.
FRATNP,2006,3,short,3,16,122,63,24,47,238,365,359,395,440,495,578,578,546,564,686,930,1429,2674,7613,4848,12192,10104,18454,.,.
FRATNP,2007,3,short,3,0,3682,196,90,104,328,533,597,695,1057,1690,2852,4437,6196,8395,11886,18013,29972,54694,134356,95225,214178,181764,296953,.,.
FRATNP,2007,3,short,3,1,69,10,3,3,4,5,10,16,31,74,82,88,106,129,201,333,634,1159,2713,1959,4251,3684,5701,.,.
FRATNP,2007,3,short,3,2,41,29,29,27,37,64,86,134,249,527,1170,2193,3314,4621,6259,8442,11335,15890,22108,20185,26030,25567,27211,.,.
FRATNP,2007,3,short,3,3,20,9,1,2,3,2,4,3,5,6,9,9,17,27,41,62,119,239,746,458,1332,1044,2068,.,.
FRATNP,2007,3,short,3,4,84,14,5,7,7,10,9,11,19,37,60,99,159,250,372,654,1218,2263,6277,4135,10647,8735,15531,.,.
FRATNP,2007,3,short,3,5,0,0,1,0,2,9,20,30,51,92,128,170,187,186,207,313,658,1659,6882,3882,13001,10073,20479,.,.
FRATNP,2007,3,short,3,6,150,20,8,5,20,24,28,30,44,59,91,119,169,235,402,751,1788,4053,9948,7623,14692,13331,18167,.,.
FRATNP,2007,3,short,3,7,52,9,3,4,7,17,24,42,85,160,293,487,702,1040,1671,3001,5895,12659,39919,25720,68882,56418,100712,.,.
FRATNP,2007,3,short,3,8,11,0,1,1,3,5,11,11,27,53,84,125,182,270,499,996,2031,4489,11693,8585,18033,16099,22972,.,.
FRATNP,2007,3,short,3,9,3,0,0,0,1,2,4,5,9,12,33,51,91,143,239,369,683,1348,3682,2538,6014,4984,8643,.,.
FRATNP,2007,3,short,3,10,25,8,1,1,2,2,3,4,10,14,26,33,49,78,130,245,605,1573,6446,3478,12499,9410,20389,.,.
FRATNP,2007,3,short,3,11,15,4,2,1,3,5,7,5,13,19,42,75,131,206,389,723,1427,2613,5767,4193,8976,7587,12524,.,.
FRATNP,2007,3,short,3,12,49,2,1,0,2,3,11,21,53,119,236,361,458,545,625,875,1335,2221,5251,3756,8300,7062,11461,.,.
FRATNP,2007,3,short,3,13,0,1,1,2,2,1,2,2,5,4,11,12,19,34,68,123,300,656,2143,1394,3672,3023,5329,.,.
FRATNP,2007,3,short,3,14,3,1,0,0,0,3,6,7,7,7,12,24,35,63,121,241,521,1190,3397,2371,5489,4631,7681,.,.
FRATNP,2007,3,short,3,15,3069,29,5,6,10,11,14,11,13,9,15,19,26,26,17,19,29,27,47,54,33,28,47,.,.
FRATNP,2007,3,short,3,16,90,59,29,43,225,370,359,362,436,498,559,570,551,541,647,868,1394,2653,7338,4893,12325,10088,18038,.,.
FRATNP,2008,3,short,3,0,3728,198,84,102,312,525,585,699,1040,1678,2770,4380,6133,8350,11691,17845,29856,54336,133174,96552,219187,181239,303609,.,.
FRATNP,2008,3,short,3,1,66,14,3,3,3,8,6,18,34,68,91,91,98,148,189,340,651,1223,2925,2206,4615,3963,6065,.,.
FRATNP,2008,3,short,3,2,28,34,25,25,43,53,84,129,263,533,1135,2133,3247,4580,6178,8357,11491,15713,22082,20377,26087,25260,27926,.,.
FRATNP,2008,3,short,3,3,17,8,2,2,2,4,3,3,4,6,9,14,18,21,42,70,118,250,702,436,1326,1063,1912,.,.
FRATNP,2008,3,short,3,4,89,11,4,3,5,10,11,12,19,33,53,100,168,232,387,673,1225,2272,6317,4293,11069,8531,16714,.,.
FRATNP,2008,3,short,3,5,0,0,0,1,1,10,22,33,51,90,136,169,198,195,203,298,638,1688,6760,3955,13348,10182,20389,.,.
FRATNP,2008,3,short,3,6,154,20,9,9,17,20,22,32,42,54,83,118,161,244,390,801,1796,4274,10537,8200,16025,14059,20399,.,.
FRATNP,2008,3,short,3,7,68,11,3,4,11,19,25,45,92,162,294,448,695,1018,1590,2840,5767,12260,38932,25816,69737,55744,100868,.,.
FRATNP,2008,3,short,3,8,13,2,0,2,4,6,11,18,27,53,83,127,177,260,477,1000,2023,4384,11281,8240,18424,15866,24116,.,.
FRATNP,2008,3,short,3,9,3,0,0,0,1,2,4,5,11,21,31,64,94,143,221,366,667,1251,3554,2505,6017,5002,8275,.,.
FRATNP,2008,3,short,3,10,18,4,1,2,0,4,4,7,9,16,22,36,48,74,134,255,583,1563,6213,3579,12399,9033,19887,.,.
FRATNP,2008,3,short,3,11,6,4,1,2,3,4,6,11,12,19,37,75,130,201,391,698,1370,2641,5746,4252,9254,7780,12533,.,.
FRATNP,2008,3,short,3,12,15,5,1,2,3,6,8,19,45,112,226,362,452,565,630,847,1289,2284,5318,3927,8584,7146,11784,.,.
FRATNP,2008,3,short,3,13,3,0,1,1,1,1,1,4,4,4,8,15,29,38,66,153,294,620,2126,1404,3823,2804,6091,.,.
FRATNP,2008,3,short,3,14,4,1,0,0,1,3,4,5,7,9,11,28,37,59,125,249,534,1213,3441,2395,5897,4814,8307,.,.
FRATNP,2008,3,short,3,15,3156,24,7,7,8,10,9,11,8,12,13,17,25,26,17,18,17,31,39,40,37,26,62,.,.
FRATNP,2008,3,short,3,16,88,60,26,39,207,366,365,348,411,485,536,584,556,547,651,880,1395,2667,7202,4927,12544,9965,18281,.,.
FRATNP,2009,3,short,3,0,3787,188,90,107,328,513,582,704,1053,1696,2681,4336,6278,8193,11564,17310,28954,52828,131985,98946,217820,175948,301964,.,.
FRATNP,2009,3,short,3,1,53,13,4,3,5,5,10,15,28,54,80,82,110,136,193,333,633,1243,3033,2388,4709,3953,6226,.,.
FRATNP,2009,3,short,3,2,46,33,27,28,35,53,89,139,269,533,1103,2151,3350,4472,6152,8217,11251,15492,22358,20800,26407,25597,28033,.,.
FRATNP,2009,3,short,3,3,23,6,4,2,3,3,3,2,5,7,9,17,20,26,34,59,116,224,735,482,1390,1005,2165,.,.
FRATNP,2009,3,short,3,4,91,10,5,5,6,9,10,11,18,30,52,91,150,229,381,632,1202,2217,6284,4339,11338,8513,17015,.,.
FRATNP,2009,3,short,3,5,0,0,1,0,5,9,18,29,58,96,127,174,186,185,208,300,619,1571,6705,4126,13403,10057,20128,.,.
FRATNP,2009,3,short,3,6,150,19,10,9,20,27,24,28,44,64,84,109,173,238,385,786,1738,4135,10799,8644,16398,14222,20772,.,.
FRATNP,2009,3,short,3,7,51,10,3,4,8,16,22,53,76,169,279,443,698,988,1554,2661,5405,11814,37542,25939,67687,51637,99939,.,.
FRATNP,2009,3,short,3,8,9,1,1,1,5,6,7,16,23,47,75,125,169,280,480,924,1949,4175,11003,8316,17982,15141,23690,.,.
FRATNP,2009,3,short,3,9,1,0,0,1,1,1,4,6,8,16,27,47,87,129,215,341,606,1212,3279,2401,5558,4385,7915,.,.
FRATNP,2009,3,short,3,10,28,4,2,2,2,3,4,7,10,16,26,44,66,87,140,274,614,1586,6465,3844,13275,9530,20800,.,.
FRATNP,2009,3,short,3,11,16,5,0,1,3,5,7,8,11,21,36,75,123,205,368,690,1324,2495,5783,4408,9357,7737,12613,.,.
FRATNP,2009,3,short,3,12,29,4,1,1,3,5,11,18,53,120,202,345,469,545,609,832,1295,2178,5182,3931,8431,6874,11561,.,.
FRATNP,2009,3,short,3,13,0,0,1,1,2,1,1,2,5,5,6,13,24,40,67,146,314,649,1995,1403,3534,2703,5204,.,.
FRATNP,2009,3,short,3,14,0,1,1,0,0,1,7,11,8,9,11,18,34,67,120,224,511,1183,3549,2659,5860,4808,7974,.,.
FRATNP,2009,3,short,3,15,3192,22,5,7,7,8,8,11,8,11,17,19,31,26,21,20,17,23,49,47,56,59,50,.,.
FRATNP,2009,3,short,3,16,97,59,25,41,224,358,356,348,429,497,548,583,588,539,636,872,1362,2632,7224,5218,12436,9727,17880,.,.
FRATNP,2010,3,short,3,0,3597,170,86,97,310,485,566,678,1024,1601,2607,4252,6150,8247,11481,16876,28306,51551,129003,96788,206403,166173,299091,.,.
FRATNP,2010,3,short,3,1,48,10,3,2,6,4,8,13,25,44,68,89,111,127,205,326,600,1202,3031,2363,4634,3958,6191,.,.
FRATNP,2010,3,short,3,2,34,27,31,25,42,53,87,139,253,508,1039,2073,3305,4483,6226,8088,11100,15374,22035,20421,25914,24753,28587,.,.
FRATNP,2010,3,short,3,3,13,6,3,4,4,3,3,3,5,5,10,10,17,24,36,65,127,216,724,466,1346,890,2397,.,.
FRATNP,2010,3,short,3,4,102,11,4,6,6,5,11,9,22,30,55,94,151,239,343,606,1155,2154,6076,4190,10609,7961,16712,.,.
FRATNP,2010,3,short,3,5,0,0,0,1,3,9,28,32,50,85,124,172,189,196,213,311,621,1597,6614,4086,12689,9224,20672,.,.
FRATNP,2010,3,short,3,6,150,17,10,9,17,21,23,26,38,63,82,128,169,248,381,775,1749,4096,10975,8777,16258,14149,21117,.,.
FRATNP,2010,3,short,3,7,45,6,2,3,8,15,22,40,81,150,272,436,650,986,1470,2541,5179,11323,36545,25141,63944,48583,99333,.,.
FRATNP,2010,3,short,3,8,4,0,1,3,2,6,8,14,25,47,77,117,179,266,456,866,1855,4019,10830,8218,17105,14441,23245,.,.
FRATNP,2010,3,short,3,9,1,0,0,0,2,3,3,5,7,20,28,53,93,132,207,310,561,1125,3217,2350,5300,4161,7926,.,.
FRATNP,2010,3,short,3,10,20,6,0,0,1,2,4,6,6,10,17,30,53,82,131,243,536,1351,5398,3319,10394,7248,17641,.,.
FRATNP,2010,3,short,3,11,10,3,1,1,4,6,6,8,14,20,43,76,129,222,365,682,1322,2419,5615,4376,8592,7038,12172,.,.
FRATNP,2010,3,short,3,12,22,4,1,2,3,5,6,18,49,106,203,335,446,563,613,801,1269,2150,5152,3920,8112,6635,11513,.,.
FRATNP,2010,3,short,3,13,0,0,0,1,1,1,1,2,2,6,9,13,20,44,65,137,277,618,1874,1267,3332,2542,5152,.,.
FRATNP,2010,3,short,3,14,3,1,0,0,0,2,9,8,8,7,10,19,43,60,123,243,518,1238,3651,2700,5935,4868,8395,.,.
FRATNP,2010,3,short,3,15,3063,26,7,5,7,8,10,9,13,10,19,16,22,29,19,16,19,25,32,32,31,37,17,.,.
FRATNP,2010,3,short,3,16,83,54,23,37,205,342,336,346,424,490,550,593,573,548,626,865,1418,2644,7233,5163,12207,9685,18019,.,.
FRATNP,2011,3,short,3,0,3370,162,84,94,293,487,559,653,987,1551,2508,4133,6034,8127,11007,16516,27115,48826,124877,93002,192158,158099,300406,.,.
FRATNP,2011,3,short,3,1,61,9,1,3,5,7,8,15,18,37,72,85,110,140,207,332,624,1250,3146,2382,4758,4016,7119,.,.
FRATNP,2011,3,short,3,2,30,31,31,21,39,59,85,130,248,492,1022,2004,3204,4445,5983,8015,10891,14894,21885,20129,25591,24410,29345,.,.
FRATNP,2011,3,short,3,3,11,5,2,2,3,1,5,5,5,6,9,13,16,29,39,46,95,211,684,464,1147,900,1932,.,.
FRATNP,2011,3,short,3,4,70,12,6,4,9,10,12,15,16,31,54,93,156,238,362,559,1040,2026,5488,3849,8948,6994,15161,.,.
FRATNP,2011,3,short,3,5,0,0,0,0,1,6,11,20,46,81,113,153,196,190,200,304,636,1671,7163,4396,13006,9673,23598,.,.
FRATNP,2011,3,short,3,6,145,14,8,12,18,22,23,29,42,54,82,119,160,251,377,780,1743,3938,11151,8662,16405,14538,22340,.,.
FRATNP,2011,3,short,3,7,51,7,3,3,8,13,28,40,76,151,241,412,646,942,1366,2442,4741,10278,34517,23338,58114,45624,97814,.,.
FRATNP,2011,3,short,3,8,6,1,2,2,4,3,5,12,29,39,75,121,169,263,422,837,1780,3873,10498,8000,15770,13573,22751,.,.
FRATNP,2011,3,short,3,9,3,0,0,0,1,2,2,6,7,15,25,48,83,123,186,293,490,928,2616,1899,4130,3344,6626,.,.
FRATNP,2011,3,short,3,10,17,6,1,1,1,3,4,7,11,13,23,38,53,76,119,226,503,1272,5331,3175,9881,7009,19006,.,.
FRATNP,2011,3,short,3,11,3,1,0,2,2,7,7,9,16,23,36,78,151,237,375,737,1375,2513,6098,4653,9150,7412,14674,.,.
FRATNP,2011,3,short,3,12,13,0,1,1,1,6,9,19,41,100,189,331,430,530,581,754,1158,1992,4768,3644,7141,6107,10427,.,.
FRATNP,2011,3,short,3,13,0,0,1,1,1,1,2,2,2,4,9,14,24,36,69,118,266,550,1600,1154,2542,1911,4546,.,.
FRATNP,2011,3,short,3,14,3,1,0,0,0,3,4,5,4,7,10,16,25,49,87,199,435,974,3023,2246,4661,3925,7001,.,.
FRATNP,2011,3,short,3,15,2861,22,4,7,7,10,6,11,13,12,14,19,27,28,21,17,17,22,38,34,46,49,37,.,.
FRATNP,2011,3,short,3,16,95,52,24,36,190,334,347,327,414,486,535,592,586,550,614,853,1322,2435,6871,4977,10867,8614,18028,.,.
FRATNP,2012,3,short,3,0,3478,170,76,93,274,455,522,624,909,1479,2458,3991,6008,8219,11107,16451,27270,49692,131310,96263,198888,166794,328000,.,.
FRATNP,2012,3,short,3,1,49,14,2,2,2,4,6,12,24,32,66,89,111,139,210,332,627,1205,3224,2418,4779,4153,7297,.,.
FRATNP,2012,3,short,3,2,27,25,25,25,35,45,79,130,246,477,986,1950,3196,4519,5982,8061,10906,15056,22292,20501,25744,24831,29419,.,.
FRATNP,2012,3,short,3,3,10,8,2,2,2,3,3,2,3,6,6,11,16,22,28,48,93,188,668,416,1155,943,2006,.,.
FRATNP,2012,3,short,3,4,93,18,5,4,7,10,11,14,20,34,47,92,162,239,369,557,1062,2065,5866,3974,9514,7635,17073,.,.
FRATNP,2012,3,short,3,5,0,0,0,1,3,7,15,22,39,81,115,154,184,190,207,326,706,1868,8209,5090,14223,11155,26564,.,.
FRATNP,2012,3,short,3,6,116,19,8,9,16,22,27,32,39,52,82,122,179,264,402,798,1808,4162,12084,9153,17736,15539,26573,.,.
FRATNP,2012,3,short,3,7,29,5,2,3,7,15,24,38,76,142,239,412,643,921,1374,2342,4734,10318,35206,23583,57618,46232,103424,.,.
FRATNP,2012,3,short,3,8,3,2,2,1,4,3,8,11,24,44,82,109,171,266,441,797,1716,3775,10786,7910,16330,14185,24961,.,.
FRATNP,2012,3,short,3,9,3,0,0,0,1,2,1,2,7,15,26,39,68,116,177,276,473,903,2634,1843,4159,3386,7270,.,.
FRATNP,2012,3,short,3,10,10,3,1,0,2,2,4,4,7,12,17,23,47,77,114,244,569,1465,6687,3955,11955,8758,24818,.,.
FRATNP,2012,3,short,3,11,0,4,1,2,3,3,4,4,7,17,39,75,145,254,394,719,1418,2652,6617,5019,9700,8139,15981,.,.
FRATNP,2012,3,short,3,12,3,1,1,1,1,4,4,18,39,92,179,305,437,549,598,788,1137,1954,4873,3706,7124,6069,11368,.,.
FRATNP,2012,3,short,3,13,0,0,1,1,1,1,1,2,5,6,9,16,28,43,77,151,273,560,1732,1182,2793,2280,4856,.,.
FRATNP,2012,3,short,3,14,1,0,0,0,0,2,5,7,5,7,13,12,31,56,89,183,417,1022,3196,2269,4983,4203,8119,.,.
FRATNP,2012,3,short,3,15,3029,19,4,6,7,9,10,8,9,11,17,18,28,34,24,20,18,24,42,38,49,51,39,.,.
FRATNP,2012,3,short,3,16,105,52,24,37,184,322,320,316,359,451,533,565,562,530,623,811,1313,2475,7193,5206,11025,9234,18232,.,.
FRATNP,2013,3,short,3,0,3607,171,90,89,242,427,493,619,900,1448,2391,3818,5848,8155,11021,16382,26252,47952,128407,93463,192078,166072,312773,.,.
FRATNP,2013,3,short,3,1,38,11,2,2,5,4,7,12,17,33,62,77,89,132,173,297,535,1121,3023,2272,4391,3883,6752,.,.
FRATNP,2013,3,short,3,2,21,31,31,22,30,45,79,137,243,469,970,1852,3173,4478,5999,8057,10600,14695,22282,20272,25944,25222,29295,.,.
FRATNP,2013,3,short,3,3,12,6,2,1,1,2,3,2,3,3,7,10,15,19,30,47,101,185,658,420,1092,895,2005,.,.
FRATNP,2013,3,short,3,4,89,12,4,6,4,8,10,9,23,26,61,94,142,239,336,594,1013,2007,5860,4033,9189,7704,16079,.,.
FRATNP,2013,3,short,3,5,0,0,0,0,2,6,14,21,38,67,115,149,170,209,219,341,723,1883,8303,5104,14130,11401,26795,.,.
FRATNP,2013,3,short,3,6,142,21,10,10,14,22,21,29,36,58,74,131,166,247,387,768,1758,4022,11646,8938,16580,15081,23537,.,.
FRATNP,2013,3,short,3,7,33,7,2,2,10,12,26,31,74,140,241,386,619,918,1357,2328,4484,9766,34340,22633,55674,46317,99098,.,.
FRATNP,2013,3,short,3,8,2,3,1,2,3,2,6,15,22,44,72,109,170,260,427,806,1657,3588,10344,7567,15405,13684,23389,.,.
FRATNP,2013,3,short,3,9,2,0,0,0,1,0,3,3,6,16,18,38,74,111,165,251,419,866,2643,1874,4044,3467,6719,.,.
FRATNP,2013,3,short,3,10,24,2,2,1,3,3,5,3,7,9,20,31,52,85,124,232,560,1385,6137,3568,10818,8406,22012,.,.
FRATNP,2013,3,short,3,11,5,2,1,2,3,4,6,7,8,23,32,72,141,257,386,704,1350,2499,6322,4727,9230,7918,15316,.,.
FRATNP,2013,3,short,3,12,9,2,1,2,4,5,12,17,37,83,165,283,408,516,605,787,1099,1951,4868,3692,7010,6111,11185,.,.
FRATNP,2013,3,short,3,13,0,1,1,1,1,2,2,3,3,8,12,15,30,41,75,131,287,613,1707,1178,2673,2237,4693,.,.
FRATNP,2013,3,short,3,14,0,0,0,0,0,1,3,6,6,7,9,14,28,50,104,194,407,997,3155,2201,4893,4317,7568,.,.
FRATNP,2013,3,short,3,15,3134,25,7,7,6,10,10,10,10,13,18,24,32,37,24,21,23,26,44,43,46,42,63,.,.
FRATNP,2013,3,short,3,16,97,48,25,30,156,301,287,313,367,450,514,533,538,556,609,824,1236,2350,7075,4942,10961,9386,18268,.,.
FRATNP,2014,3,short,3,0,3486,159,81,84,231,391,501,611,880,1360,2303,3641,5607,8007,10706,15612,25150,45835,122336,88387,181369,159447,291265,.,.
FRATNP,2014,3,short,3,1,31,10,3,1,5,5,8,7,18,30,49,71,84,119,172,260,488,1016,2852,2146,4079,3792,5517,.,.
FRATNP,2014,3,short,3,2,29,28,30,25,29,56,88,129,262,468,953,1810,3079,4508,5883,7876,10468,14731,22072,19973,25721,25048,29098,.,.
FRATNP,2014,3,short,3,3,18,6,1,1,1,3,4,3,3,4,8,6,11,20,22,42,88,176,637,427,1003,854,1750,.,.
FRATNP,2014,3,short,3,4,78,12,6,4,6,8,9,13,17,30,53,70,144,223,335,560,956,1868,5343,3649,8289,6839,15559,.,.
FRATNP,2014,3,short,3,5,0,1,0,1,1,4,12,21,41,61,103,133,170,188,200,296,674,1797,8111,5011,13503,11246,24816,.,.
FRATNP,2014,3,short,3,6,141,15,11,8,13,17,26,27,36,54,79,109,159,257,398,722,1648,3746,10870,8086,15712,14521,21686,.,.
FRATNP,2014,3,short,3,7,38,9,3,1,9,18,20,40,67,122,239,357,597,900,1323,2146,4124,9124,32729,21265,52663,44638,92895,.,.
FRATNP,2014,3,short,3,8,7,2,2,2,1,4,7,14,20,44,70,110,162,235,398,723,1536,3276,9841,7107,14597,13102,22093,.,.
FRATNP,2014,3,short,3,9,3,0,0,0,0,2,4,4,7,13,19,35,74,106,164,256,401,824,2426,1686,3714,3282,5879,.,.
FRATNP,2014,3,short,3,10,19,3,0,0,1,1,2,3,6,10,18,26,42,76,111,191,461,1181,5202,3039,8963,7057,18517,.,.
FRATNP,2014,3,short,3,11,7,2,2,1,3,5,5,7,10,19,33,70,131,236,381,717,1243,2448,5946,4418,8603,7599,13638,.,.
FRATNP,2014,3,short,3,12,6,2,1,1,1,4,9,15,40,73,160,285,374,505,577,734,1125,1871,4693,3407,6929,6122,10975,.,.
FRATNP,2014,3,short,3,13,0,0,0,1,0,1,2,3,3,4,12,15,23,38,64,116,269,546,1620,1156,2426,2109,4020,.,.
FRATNP,2014,3,short,3,14,1,0,0,0,0,1,4,5,8,6,9,19,29,52,89,190,413,964,3163,2244,4761,4201,7567,.,.
FRATNP,2014,3,short,3,15,3020,19,7,6,5,5,6,13,12,13,14,19,30,33,27,18,15,28,36,31,46,51,21,.,.
FRATNP,2014,3,short,3,16,88,51,15,32,154,260,295,307,329,411,484,506,498,512,563,766,1241,2239,6793,4742,10359,8988,17235,.,.
FRATNP,2015,3,short,3,0,3635,164,80,94,262,405,483,616,870,1397,2308,3610,5691,8069,10897,16020,25884,47447,130785,91981,196170,172125,301519,.,.
FRATNP,2015,3,short,3,1,59,8,1,1,3,6,5,11,14,25,47,71,87,114,163,260,514,1068,3099,2233,4560,4142,6394,.,.
FRATNP,2015,3,short,3,2,25,30,31,26,35,54,79,146,255,466,933,1733,3063,4427,5895,7966,10539,14723,22421,20238,26098,25416,29086,.,.
FRATNP,2015,3,short,3,3,16,5,3,1,3,3,3,4,2,3,7,10,15,17,26,49,82,186,673,407,1122,934,1943,.,.
FRATNP,2015,3,short,3,4,66,10,5,5,5,8,9,15,19,33,54,89,155,218,354,576,996,2051,5977,4006,9299,7749,16090,.,.
FRATNP,2015,3,short,3,5,0,1,0,0,1,4,12,25,43,63,98,137,170,193,223,317,779,2041,9068,5338,15353,13054,25423,.,.
FRATNP,2015,3,short,3,6,122,18,6,9,13,23,20,28,37,52,88,114,177,252,425,795,1776,3908,11825,8481,17459,15818,24651,.,.
FRATNP,2015,3,short,3,7,49,6,4,4,8,15,16,39,61,140,230,393,582,934,1330,2205,4201,9239,33865,21461,54766,46323,91756,.,.
FRATNP,2015,3,short,3,8,16,2,1,1,3,4,9,10,21,39,76,104,166,247,361,720,1481,3334,9875,6962,14783,13265,21434,.,.
FRATNP,2015,3,short,3,9,6,1,0,1,0,2,2,2,6,15,25,31,73,105,170,262,388,835,2483,1679,3839,3351,5977,.,.
FRATNP,2015,3,short,3,10,22,5,1,2,1,2,3,4,7,9,18,23,55,85,134,245,566,1476,6811,3892,11730,9489,21552,.,.
FRATNP,2015,3,short,3,11,10,3,1,1,5,4,7,7,11,18,36,75,146,265,415,744,1374,2618,6965,5013,10253,8923,16080,.,.
FRATNP,2015,3,short,3,12,44,2,1,1,2,3,10,16,35,85,155,257,389,539,598,711,1134,1876,4978,3616,7274,6541,10485,.,.
FRATNP,2015,3,short,3,13,0,1,1,1,1,1,3,2,4,8,14,21,30,47,76,136,253,551,1687,1162,2571,2186,4254,.,.
FRATNP,2015,3,short,3,14,7,1,0,0,1,1,2,6,7,7,10,17,28,54,93,192,430,1027,3427,2284,5353,4789,7826,.,.
FRATNP,2015,3,short,3,15,3115,23,6,7,8,10,8,9,12,13,15,25,31,36,27,25,27,35,58,49,73,70,88,.,.
FRATNP,2015,3,short,3,16,78,49,20,33,172,265,296,293,336,421,502,508,523,536,609,816,1343,2479,7572,5160,11637,10075,18478,.,.
